"date","song","artist","index"
1985-01-05,"The Boys Of Summer","Don Henley",161
1985-01-12,"The Boys Of Summer","Don Henley",161
1985-01-19,"I Want To Know What Love Is","Foreigner",0
1985-01-26,"The Old Man Down The Road","John Fogerty",142
1985-02-02,"The Old Man Down The Road","John Fogerty",142
1985-02-09,"The Old Man Down The Road","John Fogerty",142
1985-02-16,"Somebody","Bryan Adams",0
1985-02-23,"Somebody","Bryan Adams",0
1985-03-02,"Just Another Night","Mick Jagger",0
1985-03-09,"Just Another Night","Mick Jagger",0
1985-03-16,"Radioactive","The Firm",0
1985-03-23,"All She Wants To Do Is Dance","Don Henley",0
1985-03-30,"All She Wants To Do Is Dance","Don Henley",0
1985-04-06,"Forever Man","Eric Clapton",0
1985-04-13,"Forever Man","Eric Clapton",0
1985-04-20,"Don t You (Forget About Me)","Simple Minds",0
1985-04-27,"Don t You (Forget About Me)","Simple Minds",0
1985-05-04,"Don t You (Forget About Me)","Simple Minds",0
1985-05-11,"Trapped","Bruce Springsteen",0
1985-05-18,"Trapped","Bruce Springsteen",0
1985-05-25,"Trapped","Bruce Springsteen",0
1985-06-01,"Little By Little","Robert Plant",0
1985-06-08,"Little By Little","Robert Plant",0
1985-06-15,"Tough All Over","John Cafferty",0
1985-06-22,"Tough All Over","John Cafferty",0
1985-06-29,"If You Love Somebody Set Them Free","Sting",0
1985-07-06,"If You Love Somebody Set Them Free","Sting",0
1985-07-13,"If You Love Somebody Set Them Free","Sting",0
1985-07-20,"The Power Of Love","Huey Lewis",0
1985-07-27,"The Power Of Love","Huey Lewis",0
1985-08-03,"Money For Nothing","Dire Straits",167
1985-08-10,"Money For Nothing","Dire Straits",167
1985-08-17,"Money For Nothing","Dire Straits",167
1985-08-24,"Fortress Around Your Heart","Sting",0
1985-08-31,"Fortress Around Your Heart","Sting",0
1985-09-07,"Lonely Ol Night","John Mellencamp",0
1985-09-14,"Lonely Ol Night","John Mellencamp",0
1985-09-21,"Lonely Ol Night","John Mellencamp",0
1985-09-28,"Lonely Ol Night","John Mellencamp",0
1985-10-05,"Lonely Ol Night","John Mellencamp",0
1985-10-12,"We Built This City","Starship",0
1985-10-19,"You Belong To The City","Glenn Frey",0
1985-10-26,"You Belong To The City","Glenn Frey",0
1985-11-02,"You Belong To The City","Glenn Frey",0
1985-11-09,"Sleeping Bag","ZZ Top",0
1985-11-16,"Sleeping Bag","ZZ Top",0
1985-11-23,"Tonight She Comes","The Cars",0
1985-11-30,"Tonight She Comes","The Cars",0
1985-12-07,"Tonight She Comes","The Cars",0
1985-12-14,"Talk To Me","Stevie Nicks",0
1985-12-21,"Talk To Me","Stevie Nicks",0
1985-12-28,"Silent Running","Mike",0
1986-01-04,"Silent Running","Mike",0
1986-01-11,"Silent Running","Mike",0
1986-01-18,"Silent Running","Mike",0
1986-01-25,"Silent Running","Mike",0
1986-02-01,"Kyrie","Mr. Mister",0
1986-02-08,"Stages","ZZ Top",0
1986-02-15,"Stages","ZZ Top",0
1986-02-22,"All The Kings Horses","The Firm",0
1986-03-01,"All The Kings Horses","The Firm",0
1986-03-08,"All The Kings Horses","The Firm",0
1986-03-15,"All The Kings Horses","The Firm",0
1986-03-22,"Addicted To Love","Robert Palmer",204
1986-03-29,"Addicted To Love","Robert Palmer",204
1986-04-05,"Why Can t This Be Love","Van Halen",0
1986-04-12,"Why Can t This Be Love","Van Halen",0
1986-04-19,"Why Can t This Be Love","Van Halen",0
1986-04-26,"Stick Around","Julian Lennon",0
1986-05-03,"Stick Around","Julian Lennon",0
1986-05-10,"Stick Around","Julian Lennon",0
1986-05-17,"Like A Rock","Bob Seger",0
1986-05-24,"Like A Rock","Bob Seger",0
1986-05-31,"Sledgehammer","Peter Gabriel",186
1986-06-07,"Sledgehammer","Peter Gabriel",186
1986-06-14,"Invisible Touch","Genesis",0
1986-06-21,"Invisible Touch","Genesis",0
1986-06-28,"Invisible Touch","Genesis",0
1986-07-05,"Secret Separation","The Fixx",0
1986-07-12,"Secret Separation","The Fixx",0
1986-07-19,"Higher Love","Steve Winwood",190
1986-07-26,"Higher Love","Steve Winwood",190
1986-08-02,"Higher Love","Steve Winwood",190
1986-08-09,"Higher Love","Steve Winwood",190
1986-08-16,"Missionary Man","Eurythmics",0
1986-08-23,"Throwing It All Away","Genesis",0
1986-08-30,"Throwing It All Away","Genesis",0
1986-09-06,"Throwing It All Away","Genesis",0
1986-09-13,"In Your Eyes","Peter Gabriel",0
1986-09-20,"Take Me Home Tonight","Eddie Money",0
1986-09-27,"Take Me Home Tonight","Eddie Money",0
1986-10-04,"Emotion In Motion","Ric Ocasek",0
1986-10-11,"Amanda","Boston",0
1986-10-18,"Amanda","Boston",0
1986-10-25,"Amanda","Boston",0
1986-11-01,"Hip To Be Square","Huey Lewis",0
1986-11-08,"Don't Get Me Wrong","Pretenders",197
1986-11-15,"Don't Get Me Wrong","Pretenders",197
1986-11-22,"Don't Get Me Wrong","Pretenders",197
1986-11-29,"I Want To Make The World","Steve Miller",0
1986-12-06,"I Want To Make The World","Steve Miller",0
1986-12-13,"I Want To Make The World","Steve Miller",0
1986-12-20,"I Want To Make The World","Steve Miller",0
1986-12-27,"I Want To Make The World","Steve Miller",0
1987-01-03,"I Want To Make The World","Steve Miller",0
1987-01-10,"It's In The Way You Use It","Eric Clapton",0
1987-01-17,"My Baby","Pretenders",0
1987-01-24,"My Baby","Pretenders",0
1987-01-31,"Livin On A Prayer","Bon Jovi",0
1987-02-07,"Livin On A Prayer","Bon Jovi",0
1987-02-14,"Midnight Blue","Lou Gramm",0
1987-02-21,"Midnight Blue","Lou Gramm",0
1987-02-28,"Midnight Blue","Lou Gramm",0
1987-03-07,"Midnight Blue","Lou Gramm",0
1987-03-14,"Midnight Blue","Lou Gramm",0
1987-03-21,"I m No Angel","Gregg Allman",0
1987-03-28,"Come As You Are","Peter Wolf",0
1987-04-04,"With Or Without You","U2",223
1987-04-11,"With Or Without You","U2",223
1987-04-18,"With Or Without You","U2",223
1987-04-25,"With Or Without You","U2",223
1987-05-02,"With Or Without You","U2",223
1987-05-09,"Jammin Me","Tom Petty And The Heartbreakers",0
1987-05-16,"Jammin Me","Tom Petty And The Heartbreakers",0
1987-05-23,"Jammin Me","Tom Petty And The Heartbreakers",0
1987-05-30,"Jammin Me","Tom Petty And The Heartbreakers",0
1987-06-06,"Shakedown","Bob Seger",0
1987-06-13,"Shakedown","Bob Seger",0
1987-06-20,"Shakedown","Bob Seger",0
1987-06-27,"Shakedown","Bob Seger",0
1987-07-04,"Don t Mean Nothing","Richard Marx",0
1987-07-11,"Give To Live","Sammy Hagar",0
1987-07-18,"Give To Live","Sammy Hagar",0
1987-07-25,"Give To Live","Sammy Hagar",0
1987-08-01,"Touch Of Grey","Grateful Dead",213
1987-08-08,"Touch Of Grey","Grateful Dead",213
1987-08-15,"Touch Of Grey","Grateful Dead",213
1987-08-22,"Paper In Fire","John Mellencamp",0
1987-08-29,"Paper In Fire","John Mellencamp",0
1987-09-05,"Paper In Fire","John Mellencamp",0
1987-09-12,"Paper In Fire","John Mellencamp",0
1987-09-19,"Paper In Fire","John Mellencamp",0
1987-09-26,"Learning To Fly","Pink Floyd",0
1987-10-03,"Learning To Fly","Pink Floyd",0
1987-10-10,"Learning To Fly","Pink Floyd",0
1987-10-17,"Brilliant Disguise","Bruce Springsteen",214
1987-10-24,"Love Will Find A Way","Yes",0
1987-10-31,"Love Will Find A Way","Yes",0
1987-11-07,"Love Will Find A Way","Yes",0
1987-11-14,"Cherry Bomb","John Mellencamp",0
1987-11-21,"Tunnel Of Love","Bruce Springsteen",217
1987-11-28,"Tunnel Of Love","Bruce Springsteen",217
1987-12-05,"Tunnel Of Love","Bruce Springsteen",217
1987-12-12,"Tunnel Of Love","Bruce Springsteen",217
1987-12-19,"Say You Will","Foreigner",0
1987-12-26,"Say You Will","Foreigner",0
1988-01-02,"Say You Will","Foreigner",0
1988-01-09,"Say You Will","Foreigner",0
1988-01-16,"On The Turning Away","Pink Floyd",0
1988-01-23,"Just Like Paradise","David Lee Roth",0
1988-01-30,"Just Like Paradise","David Lee Roth",0
1988-02-06,"Just Like Paradise","David Lee Roth",0
1988-02-13,"Just Like Paradise","David Lee Roth",0
1988-02-20,"Heaven Knows","Robert Plant",0
1988-02-27,"Heaven Knows","Robert Plant",0
1988-03-05,"Heaven Knows","Robert Plant",0
1988-03-12,"Heaven Knows","Robert Plant",0
1988-03-19,"Heaven Knows","Robert Plant",0
1988-03-26,"Heaven Knows","Robert Plant",0
1988-04-02,"I Wish I Had A Girl","Henry Lee Summer",0
1988-04-09,"Tall Cool One","Robert Plant",0
1988-04-16,"Tall Cool One","Robert Plant",0
1988-04-23,"Tall Cool One","Robert Plant",0
1988-04-30,"Tall Cool One","Robert Plant",0
1988-05-07,"Only A Memory","The Smithereens",0
1988-05-14,"The Valley Road","Bruce Hornsby & The Range",0
1988-05-21,"The Valley Road","Bruce Hornsby & The Range",0
1988-05-28,"The Valley Road","Bruce Hornsby & The Range",0
1988-06-04,"Black And Blue","Van Halen",0
1988-06-11,"Black And Blue","Van Halen",0
1988-06-18,"Black And Blue","Van Halen",0
1988-06-25,"Roll With It","Steve Winwood",0
1988-07-02,"Roll With It","Steve Winwood",0
1988-07-09,"Roll With It","Steve Winwood",0
1988-07-16,"Roll With It","Steve Winwood",0
1988-07-23,"When It's Love","Van Halen",0
1988-07-30,"Simply Irresistible","Robert Palmer",0
1988-08-06,"Simply Irresistible","Robert Palmer",0
1988-08-13,"Simply Irresistible","Robert Palmer",0
1988-08-20,"Hate To Lose Your Lovin","Little Feat",0
1988-08-27,"Hate To Lose Your Lovin","Little Feat",0
1988-09-03,"Hate To Lose Your Lovin","Little Feat",0
1988-09-10,"Hate To Lose Your Lovin","Little Feat",0
1988-09-17,"Don t You Know What The Night Can Do","Steve Winwood",0
1988-09-24,"Don t You Know What The Night Can Do","Steve Winwood",0
1988-10-01,"I m Not Your Man","Tommy Conwell And The Young Rumblers",0
1988-10-08,"Desire","U2",0
1988-10-15,"Desire","U2",0
1988-10-22,"Desire","U2",0
1988-10-29,"Desire","U2",0
1988-11-05,"Desire","U2",0
1988-11-12,"It s Money That Matters","Randy Newman",0
1988-11-19,"It s Money That Matters","Randy Newman",0
1988-11-26,"Orange Crush","R.E.M.",0
1988-12-03,"Orange Crush","R.E.M.",0
1988-12-10,"Angel Of Harlem","U2",0
1988-12-17,"Angel Of Harlem","U2",0
1988-12-24,"Angel Of Harlem","U2",0
1988-12-31,"Angel Of Harlem","U2",0
1989-01-07,"Angel Of Harlem","U2",0
1989-01-14,"Angel Of Harlem","U2",0
1989-01-21,"Got It Made","Crosby, Stills, Nash",0
1989-01-28,"Got It Made","Crosby, Stills, Nash",0
1989-02-04,"The Love In Your Eyes","Eddie Money",0
1989-02-11,"Stand","R.E.M.",0
1989-02-18,"Driven Out","The Fixx",0
1989-02-25,"Driven Out","The Fixx",0
1989-03-04,"Driven Out","The Fixx",0
1989-03-11,"Driven Out","The Fixx",0
1989-03-18,"Working On It","Chris Rea",0
1989-03-25,"I ll Be You","The Replacements",277
1989-04-01,"I ll Be You","The Replacements",277
1989-04-08,"I ll Be You","The Replacements",277
1989-04-15,"Now You re In Heaven","Julian Lennon",0
1989-04-22,"I Won t Back Down","Tom Petty",0
1989-04-29,"I Won t Back Down","Tom Petty",0
1989-05-06,"I Won t Back Down","Tom Petty",0
1989-05-13,"I Won t Back Down","Tom Petty",0
1989-05-20,"I Won t Back Down","Tom Petty",0
1989-05-27,"The Doctor","The Doobie Brothers",0
1989-06-03,"The Doctor","The Doobie Brothers",0
1989-06-10,"The Doctor","The Doobie Brothers",0
1989-06-17,"Rooms On Fire","Stevie Nicks",0
1989-06-24,"Runnin Down A Dream","Tom Petty",0
1989-07-01,"The End Of The Innocence","Don Henley",0
1989-07-08,"The End Of The Innocence","Don Henley",0
1989-07-15,"The End Of The Innocence","Don Henley",0
1989-07-22,"The End Of The Innocence","Don Henley",0
1989-07-29,"Crossfire","Stevie Ray Vaughan And Double Trouble",0
1989-08-05,"Crossfire","Stevie Ray Vaughan And Double Trouble",0
1989-08-12,"Crossfire","Stevie Ray Vaughan And Double Trouble",0
1989-08-19,"Let The Day Begin","The Call",0
1989-08-26,"Free Fallin","Tom Petty",0
1989-09-02,"Mixed Emotions","The Rolling Stones",268
1989-09-09,"Mixed Emotions","The Rolling Stones",268
1989-09-16,"Mixed Emotions","The Rolling Stones",268
1989-09-23,"Mixed Emotions","The Rolling Stones",268
1989-09-30,"Mixed Emotions","The Rolling Stones",268
1989-10-07,"Love In An Elevator","Aerosmith",0
1989-10-14,"Love In An Elevator","Aerosmith",0
1989-10-21,"Rock And A Hard Place","The Rolling Stones",0
1989-10-28,"Rock And A Hard Place","The Rolling Stones",0
1989-11-04,"Rock And A Hard Place","The Rolling Stones",0
1989-11-11,"Rock And A Hard Place","The Rolling Stones",0
1989-11-18,"Rock And A Hard Place","The Rolling Stones",0
1989-11-25,"Pretending","Eric Clapton",0
1989-12-02,"Pretending","Eric Clapton",0
1989-12-09,"Pretending","Eric Clapton",0
1989-12-16,"Pretending","Eric Clapton",0
1989-12-23,"Pretending","Eric Clapton",0
1989-12-30,"Show Don t Tell","Rush",0
1990-01-06,"Show Don t Tell","Rush",0
1990-01-13,"Downtown Train","Rod Stewart",0
1990-01-20,"Downtown Train","Rod Stewart",0
1990-01-27,"Bad Love","Eric Clapton",0
1990-02-03,"Bad Love","Eric Clapton",0
1990-02-10,"Bad Love","Eric Clapton",0
1990-02-17,"Black Velvet","Alannah Myles",0
1990-02-24,"What It Takes","Aerosmith",0
1990-03-03,"Black Velvet","Alannah Myles",0
1990-03-10,"Almost Hear You Sigh","The Rolling Stones",0
1990-03-17,"Blue Sky Mine","Midnight Oil",0
1990-03-24,"Hurting Kind","Robert Plant",0
1990-03-31,"Hurting Kind","Robert Plant",0
1990-04-07,"Hurting Kind","Robert Plant",0
1990-04-14,"Hurting Kind","Robert Plant",0
1990-04-21,"Hurting Kind","Robert Plant",0
1990-04-28,"Hurting Kind","Robert Plant",0
1990-05-05,"Coming Of Age","Damn Yankees",0
1990-05-12,"Texas Twister","Little Feat",0
1990-05-19,"Doubleback","ZZ Top",0
1990-05-26,"Doubleback","ZZ Top",0
1990-06-02,"Doubleback","ZZ Top",0
1990-06-09,"Doubleback","ZZ Top",0
1990-06-16,"Doubleback","ZZ Top",0
1990-06-23,"Cradle Of Love","Billy Idol",0
1990-06-30,"Cradle Of Love","Billy Idol",0
1990-07-07,"Holy Water","Bad Company",0
1990-07-14,"Holy Water","Bad Company",0
1990-07-21,"Across The River","Bruce Hornsby",0
1990-07-28,"The Other Side","Aerosmith",0
1990-08-04,"The Other Side","Aerosmith",0
1990-08-11,"Good Clean Fun","Allman Brothers Band",0
1990-08-18,"Brickyard Road","Johnny Van Zant",0
1990-08-25,"Brickyard Road","Johnny Van Zant",0
1990-09-01,"Brickyard Road","Johnny Van Zant",0
1990-09-08,"Blaze Of Glory","Jon Bon Jovi",0
1990-09-15,"Suicide Blonde","INXS",0
1990-09-22,"Suicide Blonde","INXS",0
1990-09-29,"Suicide Blonde","INXS",0
1990-10-06,"Suicide Blonde","INXS",0
1990-10-13,"Concrete And Steel","ZZ Top",0
1990-10-20,"Concrete And Steel","ZZ Top",0
1990-10-27,"Concrete And Steel","ZZ Top",0
1990-11-03,"Concrete And Steel","ZZ Top",0
1990-11-10,"Hard To Handle","The Black Crowes",0
1990-11-17,"Hard To Handle","The Black Crowes",0
1990-11-24,"One And Only Man","Steve Winwood",0
1990-12-01,"One And Only Man","Steve Winwood",0
1990-12-08,"My Head s In Mississippi","ZZ Top",0
1990-12-15,"My Head s In Mississippi","ZZ Top",0
1990-12-22,"My Head s In Mississippi","ZZ Top",0
1990-12-29,"My Head s In Mississippi","ZZ Top",0
1991-01-05,"My Head s In Mississippi","ZZ Top",0
1991-01-12,"My Head s In Mississippi","ZZ Top",0
1991-01-19,"All This Time","Sting",0
1991-01-26,"All This Time","Sting",0
1991-02-02,"All This Time","Sting",0
1991-02-09,"All This Time","Sting",0
1991-02-16,"All This Time","Sting",0
1991-02-23,"All This Time","Sting",0
1991-03-02,"All This Time","Sting",0
1991-03-09,"She Talks To Angels","The Black Crowes",0
1991-03-16,"Highwire","The Rolling Stones",0
1991-03-23,"Highwire","The Rolling Stones",0
1991-03-30,"Highwire","The Rolling Stones",0
1991-04-06,"Silent Lucidity","Queensryche",0
1991-04-13,"Losing My Religion","R.E.M.",310
1991-04-20,"Losing My Religion","R.E.M.",310
1991-04-27,"Losing My Religion","R.E.M.",310
1991-05-04,"Lift Me Up","Yes",0
1991-05-11,"Lift Me Up","Yes",0
1991-05-18,"Lift Me Up","Yes",0
1991-05-25,"Lift Me Up","Yes",0
1991-06-01,"Lift Me Up","Yes",0
1991-06-08,"Lift Me Up","Yes",0
1991-06-15,"Poundcake","Van Halen",0
1991-06-22,"Poundcake","Van Halen",0
1991-06-29,"Learning To Fly","Tom Petty And The Heartbreakers",0
1991-07-06,"Learning To Fly","Tom Petty And The Heartbreakers",0
1991-07-13,"Learning To Fly","Tom Petty And The Heartbreakers",0
1991-07-20,"Learning To Fly","Tom Petty And The Heartbreakers",0
1991-07-27,"Learning To Fly","Tom Petty And The Heartbreakers",0
1991-08-03,"Learning To Fly","Tom Petty And The Heartbreakers",0
1991-08-10,"Runaround","Van Halen",0
1991-08-17,"Runaround","Van Halen",0
1991-08-24,"Runaround","Van Halen",0
1991-08-31,"Runaround","Van Halen",0
1991-09-07,"Out In The Cold","Tom Petty And The Heartbreakers",0
1991-09-14,"Out In The Cold","Tom Petty And The Heartbreakers",0
1991-09-21,"Dreamline","Rush",0
1991-09-28,"Dreamline","Rush",0
1991-10-05,"Dreamline","Rush",0
1991-10-12,"Dreamline","Rush",0
1991-10-19,"Get A Leg Up","John Mellencamp",0
1991-10-26,"Top Of The World","Van Halen",0
1991-11-02,"Top Of The World","Van Halen",0
1991-11-09,"Top Of The World","Van Halen",0
1991-11-16,"Get A Leg Up","John Mellencamp",0
1991-11-23,"Top Of The World","Van Halen",0
1991-11-30,"Get A Leg Up","John Mellencamp",0
1991-12-07,"Heavy Fuel","Dire Straits",0
1991-12-14,"Mysterious Ways","U2",337
1991-12-21,"Mysterious Ways","U2",337
1991-12-28,"Mysterious Ways","U2",337
1992-01-04,"Mysterious Ways","U2",337
1992-01-11,"Mysterious Ways","U2",337
1992-01-18,"Mysterious Ways","U2",337
1992-01-25,"Mysterious Ways","U2",337
1992-02-01,"Mysterious Ways","U2",337
1992-02-08,"Mysterious Ways","U2",337
1992-02-15,"Mysterious Ways","U2",337
1992-02-22,"Mysterious Ways","U2",337
1992-02-29,"Mysterious Ways","U2",337
1992-03-07,"Again Tonight","John Mellencamp",0
1992-03-14,"Again Tonight","John Mellencamp",0
1992-03-21,"Human Touch","Bruce Springsteen",364
1992-03-28,"Human Touch","Bruce Springsteen",364
1992-04-04,"Human Touch","Bruce Springsteen",364
1992-04-11,"Let s Get Rocked","Def Leppard",0
1992-04-18,"One","U2",345
1992-04-25,"One","U2",345
1992-05-02,"Remedy","The Black Crowes",0
1992-05-09,"Remedy","The Black Crowes",0
1992-05-16,"Remedy","The Black Crowes",0
1992-05-23,"Remedy","The Black Crowes",0
1992-05-30,"Remedy","The Black Crowes",0
1992-06-06,"Remedy","The Black Crowes",0
1992-06-13,"Remedy","The Black Crowes",0
1992-06-20,"Remedy","The Black Crowes",0
1992-06-27,"Remedy","The Black Crowes",0
1992-07-04,"Remedy","The Black Crowes",0
1992-07-11,"Remedy","The Black Crowes",0
1992-07-18,"Sting Me","The Black Crowes",0
1992-07-25,"Sting Me","The Black Crowes",0
1992-08-01,"Even Better Than The Real Thing","U2",0
1992-08-08,"Even Better Than The Real Thing","U2",0
1992-08-15,"Even Better Than The Real Thing","U2",0
1992-08-22,"Thorn In My Pride","The Black Crowes",0
1992-08-29,"Thorn In My Pride","The Black Crowes",0
1992-09-05,"Thorn In My Pride","The Black Crowes",0
1992-09-12,"Thorn In My Pride","The Black Crowes",0
1992-09-19,"How About That","Bad Company",0
1992-09-26,"How About That","Bad Company",0
1992-10-03,"How About That","Bad Company",0
1992-10-10,"How About That","Bad Company",0
1992-10-17,"How About That","Bad Company",0
1992-10-24,"How About That","Bad Company",0
1992-10-31,"Digging In The Dirt","Peter Gabriel",0
1992-11-07,"Rest In Peace","Extreme",0
1992-11-14,"Rest In Peace","Extreme",0
1992-11-21,"Keep The Faith","Bon Jovi",0
1992-11-28,"Hotel Illness","The Black Crowes",0
1992-12-05,"Hotel Illness","The Black Crowes",0
1992-12-12,"Hotel Illness","The Black Crowes",0
1992-12-19,"Hotel Illness","The Black Crowes",0
1992-12-26,"Hotel Illness","The Black Crowes",0
1993-01-02,"Hotel Illness","The Black Crowes",0
1993-01-09,"Stand Up (Kick Love Into Motion)","Def Leppard",0
1993-01-16,"Stand Up (Kick Love Into Motion)","Def Leppard",0
1993-01-23,"Stand Up (Kick Love Into Motion)","Def Leppard",0
1993-01-30,"Stand Up (Kick Love Into Motion)","Def Leppard",0
1993-02-06,"Stand Up (Kick Love Into Motion)","Def Leppard",0
1993-02-13,"Don t Tear Me Up","Mick Jagger",0
1993-02-20,"Won t Get Fooled Again","Van Halen",0
1993-02-27,"Pride And Joy","Coverdale/Page",0
1993-03-06,"Pride And Joy","Coverdale/Page",0
1993-03-13,"Pride And Joy","Coverdale/Page",0
1993-03-20,"Pride And Joy","Coverdale/Page",0
1993-03-27,"Pride And Joy","Coverdale/Page",0
1993-04-03,"Pride And Joy","Coverdale/Page",0
1993-04-10,"Livin On The Edge","Aerosmith",0
1993-04-17,"Livin On The Edge","Aerosmith",0
1993-04-24,"Livin On The Edge","Aerosmith",0
1993-05-01,"Livin On The Edge","Aerosmith",0
1993-05-08,"Livin On The Edge","Aerosmith",0
1993-05-15,"Livin On The Edge","Aerosmith",0
1993-05-22,"Livin On The Edge","Aerosmith",0
1993-05-29,"Livin On The Edge","Aerosmith",0
1993-06-05,"Livin On The Edge","Aerosmith",0
1993-06-12,"Are You Gonna Go My Way","Lenny Kravitz",0
1993-06-19,"Are You Gonna Go My Way","Lenny Kravitz",0
1993-06-26,"Plush","Stone Temple Pilots",0
1993-07-03,"Big Gun","AC/DC",0
1993-07-10,"Big Gun","AC/DC",0
1993-07-17,"Cryin","Aerosmith",0
1993-07-24,"Cryin","Aerosmith",0
1993-07-31,"Cryin","Aerosmith",0
1993-08-07,"Cryin","Aerosmith",0
1993-08-14,"Cryin","Aerosmith",0
1993-08-21,"Cryin","Aerosmith",0
1993-08-28,"What If I Came Knocking","John Mellencamp",0
1993-09-04,"What If I Came Knocking","John Mellencamp",0
1993-09-11,"Peace Pipe","Cry Of Love",0
1993-09-18,"Peace Pipe","Cry Of Love",0
1993-09-25,"Peace Pipe","Cry Of Love",0
1993-10-02,"Peace Pipe","Cry Of Love",0
1993-10-09,"No Rain","Blind Melon",0
1993-10-16,"No Rain","Blind Melon",0
1993-10-23,"Stick It Out","Rush",0
1993-10-30,"Stick It Out","Rush",0
1993-11-06,"Stick It Out","Rush",0
1993-11-13,"Stick It Out","Rush",0
1993-11-20,"Mary Jane's Last Dance","Tom Petty And The Heartbreakers",0
1993-11-27,"Mary Jane's Last Dance","Tom Petty And The Heartbreakers",0
1993-12-04,"Daughter/Yellow Ledbetter","Pearl Jam",0
1993-12-11,"Daughter/Yellow Ledbetter","Pearl Jam",0
1993-12-18,"Daughter/Yellow Ledbetter","Pearl Jam",0
1993-12-25,"Daughter/Yellow Ledbetter","Pearl Jam",0
1994-01-01,"Daughter","Pearl Jam",0
1994-01-08,"Daughter","Pearl Jam",0
1994-01-15,"Daughter","Pearl Jam",0
1994-01-22,"Daughter","Pearl Jam",0
1994-01-29,"Pincushion","ZZ Top",0
1994-02-05,"Pincushion","ZZ Top",0
1994-02-12,"Pincushion","ZZ Top",0
1994-02-19,"Pincushion","ZZ Top",0
1994-02-26,"Deuces Are Wild","Aerosmith",0
1994-03-05,"Deuces Are Wild","Aerosmith",0
1994-03-12,"Deuces Are Wild","Aerosmith",0
1994-03-19,"Deuces Are Wild","Aerosmith",0
1994-03-26,"No Excuses","Alice In Chains",0
1994-04-02,"No Excuses","Alice In Chains",0
1994-04-09,"Keep Talking","Pink Floyd",0
1994-04-16,"Keep Talking","Pink Floyd",0
1994-04-23,"Keep Talking","Pink Floyd",0
1994-04-30,"Keep Talking","Pink Floyd",0
1994-05-07,"Keep Talking","Pink Floyd",0
1994-05-14,"Keep Talking","Pink Floyd",0
1994-05-21,"Shine","Collective Soul",0
1994-05-28,"Shine","Collective Soul",0
1994-06-04,"Shine","Collective Soul",0
1994-06-11,"Shine","Collective Soul",0
1994-06-18,"Shine","Collective Soul",0
1994-06-25,"Shine","Collective Soul",0
1994-07-02,"Shine","Collective Soul",0
1994-07-09,"Shine","Collective Soul",0
1994-07-16,"Black Hole Sun","Soundgarden",412
1994-07-23,"Black Hole Sun","Soundgarden",412
1994-07-30,"Black Hole Sun","Soundgarden",412
1994-08-06,"Black Hole Sun","Soundgarden",412
1994-08-13,"Black Hole Sun","Soundgarden",412
1994-08-20,"Black Hole Sun","Soundgarden",412
1994-08-27,"Black Hole Sun","Soundgarden",412
1994-09-03,"Vasoline","Stone Temple Pilots",0
1994-09-10,"Vasoline","Stone Temple Pilots",0
1994-09-17,"Interstate Love Song","Stone Temple Pilots",0
1994-09-24,"Interstate Love Song","Stone Temple Pilots",0
1994-10-01,"Interstate Love Song","Stone Temple Pilots",0
1994-10-08,"Interstate Love Song","Stone Temple Pilots",0
1994-10-15,"Interstate Love Song","Stone Temple Pilots",0
1994-10-22,"Interstate Love Song","Stone Temple Pilots",0
1994-10-29,"Interstate Love Song","Stone Temple Pilots",0
1994-11-05,"Interstate Love Song","Stone Temple Pilots",0
1994-11-12,"Interstate Love Song","Stone Temple Pilots",0
1994-11-19,"Interstate Love Song","Stone Temple Pilots",0
1994-11-26,"Interstate Love Song","Stone Temple Pilots",0
1994-12-03,"Interstate Love Song","Stone Temple Pilots",0
1994-12-10,"Interstate Love Song","Stone Temple Pilots",0
1994-12-17,"Interstate Love Song","Stone Temple Pilots",0
1994-12-24,"Interstate Love Song","Stone Temple Pilots",0
1994-12-31,"You Don t Know How It Feels","Tom Petty",0
1995-01-07,"Better Man","Pearl Jam",0
1995-01-14,"Better Man","Pearl Jam",0
1995-01-21,"Don't Tell Me (What Love Can Do)","Van Halen",0
1995-01-28,"Don't Tell Me (What Love Can Do)","Van Halen",0
1995-02-04,"Don't Tell Me (What Love Can Do)","Van Halen",0
1995-02-11,"Better Man","Pearl Jam",0
1995-02-18,"Better Man","Pearl Jam",0
1995-02-25,"Better Man","Pearl Jam",0
1995-03-04,"Better Man","Pearl Jam",0
1995-03-11,"Better Man","Pearl Jam",0
1995-03-18,"Better Man","Pearl Jam",0
1995-03-25,"Lightning Crashes","Live",0
1995-04-01,"Lightning Crashes","Live",0
1995-04-08,"Lightning Crashes","Live",0
1995-04-15,"Lightning Crashes","Live",0
1995-04-22,"Lightning Crashes","Live",0
1995-04-29,"Lightning Crashes","Live",0
1995-05-06,"Lightning Crashes","Live",0
1995-05-13,"Lightning Crashes","Live",0
1995-05-20,"Lightning Crashes","Live",0
1995-05-27,"Lightning Crashes","Live",0
1995-06-03,"December","Collective Soul",0
1995-06-10,"December","Collective Soul",0
1995-06-17,"December","Collective Soul",0
1995-06-24,"December","Collective Soul",0
1995-07-01,"December","Collective Soul",0
1995-07-08,"December","Collective Soul",0
1995-07-15,"December","Collective Soul",0
1995-07-22,"December","Collective Soul",0
1995-07-29,"December","Collective Soul",0
1995-08-05,"Hold Me, Thrill Me, Kiss Me, Kill Me","U2",0
1995-08-12,"And Fools Shine On","Brother Cane",0
1995-08-19,"And Fools Shine On","Brother Cane",0
1995-08-26,"And Fools Shine On","Brother Cane",0
1995-09-02,"And Fools Shine On","Brother Cane",0
1995-09-09,"And Fools Shine On","Brother Cane",0
1995-09-16,"And Fools Shine On","Brother Cane",0
1995-09-23,"Tomorrow","Silverchair",0
1995-09-30,"Tomorrow","Silverchair",0
1995-10-07,"Tomorrow","Silverchair",0
1995-10-14,"Hard As A Rock","AC/DC",0
1995-10-21,"Hard As A Rock","AC/DC",0
1995-10-28,"Hard As A Rock","AC/DC",0
1995-11-04,"Name","Goo Goo Dolls",439
1995-11-11,"Name","Goo Goo Dolls",439
1995-11-18,"Name","Goo Goo Dolls",439
1995-11-25,"Name","Goo Goo Dolls",439
1995-12-02,"Name","Goo Goo Dolls",439
1995-12-09,"My Friends","Red Hot Chili Peppers",0
1995-12-16,"My Friends","Red Hot Chili Peppers",0
1995-12-23,"My Friends","Red Hot Chili Peppers",0
1995-12-30,"My Friends","Red Hot Chili Peppers",0
1996-01-06,"Cumbersome","Seven Mary Three",0
1996-01-13,"Cumbersome","Seven Mary Three",0
1996-01-20,"Cumbersome","Seven Mary Three",0
1996-01-27,"Cumbersome","Seven Mary Three",0
1996-02-03,"The World I Know","Collective Soul",0
1996-02-10,"The World I Know","Collective Soul",0
1996-02-17,"The World I Know","Collective Soul",0
1996-02-24,"The World I Know","Collective Soul",0
1996-03-02,"1979","The Smashing Pumpkins",447
1996-03-09,"1979","The Smashing Pumpkins",447
1996-03-16,"Santa Monica (Watch The World Die)","Everclear",457
1996-03-23,"Santa Monica (Watch The World Die)","Everclear",457
1996-03-30,"Santa Monica (Watch The World Die)","Everclear",457
1996-04-06,"In The Meantime","Spacehog",0
1996-04-13,"In The Meantime","Spacehog",0
1996-04-20,"In The Meantime","Spacehog",0
1996-04-27,"In The Meantime","Spacehog",0
1996-05-04,"Big Bang Baby","Stone Temple Pilots",0
1996-05-11,"Where The River Flows","Collective Soul",0
1996-05-18,"Where The River Flows","Collective Soul",0
1996-05-25,"Humans Being","Van Halen",0
1996-06-01,"Humans Being","Van Halen",0
1996-06-08,"Until It Sleeps","Metallica",0
1996-06-15,"Until It Sleeps","Metallica",0
1996-06-22,"Until It Sleeps","Metallica",0
1996-06-29,"Until It Sleeps","Metallica",0
1996-07-06,"Until It Sleeps","Metallica",0
1996-07-13,"Until It Sleeps","Metallica",0
1996-07-20,"Until It Sleeps","Metallica",0
1996-07-27,"Trippin' On A Hole In A Paper Heart","Stone Temple Pilots",0
1996-08-03,"Until It Sleeps","Metallica",0
1996-08-10,"Trippin' On A Hole In A Paper Heart","Stone Temple Pilots",0
1996-08-17,"Trippin' On A Hole In A Paper Heart","Stone Temple Pilots",0
1996-08-24,"Trippin' On A Hole In A Paper Heart","Stone Temple Pilots",0
1996-08-31,"Burden In My Hand","Soundgarden",0
1996-09-07,"Burden In My Hand","Soundgarden",0
1996-09-14,"Burden In My Hand","Soundgarden",0
1996-09-21,"Burden In My Hand","Soundgarden",0
1996-09-28,"Burden In My Hand","Soundgarden",0
1996-10-05,"Test For Echo","Rush",0
1996-10-12,"Test For Echo","Rush",0
1996-10-19,"Test For Echo","Rush",0
1996-10-26,"Me Wise Magic","Van Halen",0
1996-11-02,"Me Wise Magic","Van Halen",0
1996-11-09,"Me Wise Magic","Van Halen",0
1996-11-16,"Me Wise Magic","Van Halen",0
1996-11-23,"Me Wise Magic","Van Halen",0
1996-11-30,"Me Wise Magic","Van Halen",0
1996-12-07,"Hero Of The Day","Metallica",0
1996-12-14,"Hero Of The Day","Metallica",0
1996-12-21,"Hero Of The Day","Metallica",0
1996-12-28,"Blow Up The Outside World","Soundgarden",0
1997-01-04,"Blow Up The Outside World","Soundgarden",0
1997-01-11,"Blow Up The Outside World","Soundgarden",0
1997-01-18,"Lady Picture Show","Stone Temple Pilots",0
1997-01-25,"Blow Up The Outside World","Soundgarden",0
1997-02-01,"One Headlight","The Wallflowers",0
1997-02-08,"One Headlight","The Wallflowers",0
1997-02-15,"One Headlight","The Wallflowers",0
1997-02-22,"One Headlight","The Wallflowers",0
1997-03-01,"One Headlight","The Wallflowers",0
1997-03-08,"Falling In Love (Is Hard On The Knees)","Aerosmith",0
1997-03-15,"Falling In Love (Is Hard On The Knees)","Aerosmith",0
1997-03-22,"Falling In Love (Is Hard On The Knees)","Aerosmith",0
1997-03-29,"Falling In Love (Is Hard On The Knees)","Aerosmith",0
1997-04-05,"Falling In Love (Is Hard On The Knees)","Aerosmith",0
1997-04-12,"Precious Declaration","Collective Soul",0
1997-04-19,"Precious Declaration","Collective Soul",0
1997-04-26,"Precious Declaration","Collective Soul",0
1997-05-03,"Precious Declaration","Collective Soul",0
1997-05-10,"Gone Away","The Offspring",0
1997-05-17,"Gone Away","The Offspring",0
1997-05-24,"Little White Lie","Sammy Hagar",0
1997-05-31,"Little White Lie","Sammy Hagar",0
1997-06-07,"Little White Lie","Sammy Hagar",0
1997-06-14,"Little White Lie","Sammy Hagar",0
1997-06-21,"Little White Lie","Sammy Hagar",0
1997-06-28,"If You Could Only See","Tonic",0
1997-07-05,"If You Could Only See","Tonic",0
1997-07-12,"If You Could Only See","Tonic",0
1997-07-19,"If You Could Only See","Tonic",0
1997-07-26,"If You Could Only See","Tonic",0
1997-08-02,"Listen","Collective Soul",0
1997-08-09,"Listen","Collective Soul",0
1997-08-16,"Listen","Collective Soul",0
1997-08-23,"Listen","Collective Soul",0
1997-08-30,"Listen","Collective Soul",0
1997-09-06,"Pink","Aerosmith",0
1997-09-13,"Pink","Aerosmith",0
1997-09-20,"Pink","Aerosmith",0
1997-09-27,"Pink","Aerosmith",0
1997-10-04,"Touch, Peel And Stand","Days Of The New",0
1997-10-11,"Touch, Peel And Stand","Days Of The New",0
1997-10-18,"Touch, Peel And Stand","Days Of The New",0
1997-10-25,"Touch, Peel And Stand","Days Of The New",0
1997-11-01,"Touch, Peel And Stand","Days Of The New",0
1997-11-08,"Touch, Peel And Stand","Days Of The New",0
1997-11-15,"Touch, Peel And Stand","Days Of The New",0
1997-11-22,"Touch, Peel And Stand","Days Of The New",0
1997-11-29,"Touch, Peel And Stand","Days Of The New",0
1997-12-06,"Touch, Peel And Stand","Days Of The New",0
1997-12-13,"Touch, Peel And Stand","Days Of The New",0
1997-12-20,"Touch, Peel And Stand","Days Of The New",0
1997-12-27,"Touch, Peel And Stand","Days Of The New",0
1998-01-03,"Touch, Peel And Stand","Days Of The New",0
1998-01-10,"Touch, Peel And Stand","Days Of The New",0
1998-01-17,"Touch, Peel And Stand","Days Of The New",0
1998-01-24,"Given To Fly","Pearl Jam",0
1998-01-31,"Given To Fly","Pearl Jam",0
1998-02-07,"Given To Fly","Pearl Jam",0
1998-02-14,"Given To Fly","Pearl Jam",0
1998-02-21,"Given To Fly","Pearl Jam",0
1998-02-28,"Given To Fly","Pearl Jam",0
1998-03-07,"Without You","Van Halen",0
1998-03-14,"Without You","Van Halen",0
1998-03-21,"Without You","Van Halen",0
1998-03-28,"Without You","Van Halen",0
1998-04-04,"Without You","Van Halen",0
1998-04-11,"Without You","Van Halen",0
1998-04-18,"Blue On Black","Kenny Wayne Shepherd Band",0
1998-04-25,"Blue On Black","Kenny Wayne Shepherd Band",0
1998-05-02,"Blue On Black","Kenny Wayne Shepherd Band",0
1998-05-09,"Most High","Jimmy Page",0
1998-05-16,"Most High","Jimmy Page",0
1998-05-23,"Blue On Black","Kenny Wayne Shepherd Band",0
1998-05-30,"Blue On Black","Kenny Wayne Shepherd Band",0
1998-06-06,"I Lie In The Bed I Make","Brother Cane",0
1998-06-13,"I Lie In The Bed I Make","Brother Cane",0
1998-06-20,"I Lie In The Bed I Make","Brother Cane",0
1998-06-27,"I Lie In The Bed I Make","Brother Cane",0
1998-07-04,"Blue On Black","Kenny Wayne Shepherd Band",0
1998-07-11,"The Down Town","Days Of The New",0
1998-07-18,"The Down Town","Days Of The New",0
1998-07-25,"The Down Town","Days Of The New",0
1998-08-01,"The Down Town","Days Of The New",0
1998-08-08,"The Down Town","Days Of The New",0
1998-08-15,"The Down Town","Days Of The New",0
1998-08-22,"The Down Town","Days Of The New",0
1998-08-29,"The Down Town","Days Of The New",0
1998-09-05,"The Down Town","Days Of The New",0
1998-09-12,"The Down Town","Days Of The New",0
1998-09-19,"What's This Life For","Creed",0
1998-09-26,"What's This Life For","Creed",0
1998-10-03,"What's This Life For","Creed",0
1998-10-10,"What s This Life For","Creed",0
1998-10-17,"What s This Life For","Creed",0
1998-10-24,"What s This Life For","Creed",0
1998-10-31,"Psycho Circus","Kiss",0
1998-11-07,"Fly Away","Lenny Kravitz",0
1998-11-14,"Fly Away","Lenny Kravitz",0
1998-11-21,"Fly Away","Lenny Kravitz",0
1998-11-28,"Turn The Page","Metallica",0
1998-12-05,"Turn The Page","Metallica",0
1998-12-12,"Turn The Page","Metallica",0
1998-12-19,"Turn The Page","Metallica",0
1998-12-26,"Turn The Page","Metallica",0
1999-01-02,"Turn The Page","Metallica",0
1999-01-09,"Turn The Page","Metallica",0
1999-01-16,"Turn The Page","Metallica",0
1999-01-23,"Turn The Page","Metallica",0
1999-01-30,"Turn The Page","Metallica",0
1999-02-06,"Turn The Page","Metallica",0
1999-02-13,"What It s Like","Everlast",0
1999-02-20,"Heavy","Collective Soul",0
1999-02-27,"Heavy","Collective Soul",0
1999-03-06,"Heavy","Collective Soul",0
1999-03-13,"Heavy","Collective Soul",0
1999-03-20,"Heavy","Collective Soul",0
1999-03-27,"Heavy","Collective Soul",0
1999-04-03,"Heavy","Collective Soul",0
1999-04-10,"Heavy","Collective Soul",0
1999-04-17,"Heavy","Collective Soul",0
1999-04-24,"Heavy","Collective Soul",0
1999-05-01,"Heavy","Collective Soul",0
1999-05-08,"Heavy","Collective Soul",0
1999-05-15,"Heavy","Collective Soul",0
1999-05-22,"Heavy","Collective Soul",0
1999-05-29,"Heavy","Collective Soul",0
1999-06-05,"Lit Up","Buckcherry",0
1999-06-12,"Lit Up","Buckcherry",0
1999-06-19,"Lit Up","Buckcherry",0
1999-06-26,"Promises","Def Leppard",0
1999-07-03,"Promises","Def Leppard",0
1999-07-10,"Promises","Def Leppard",0
1999-07-17,"Scar Tissue","Red Hot Chili Peppers",546
1999-07-24,"Scar Tissue","Red Hot Chili Peppers",546
1999-07-31,"Scar Tissue","Red Hot Chili Peppers",546
1999-08-07,"Scar Tissue","Red Hot Chili Peppers",546
1999-08-14,"Scar Tissue","Red Hot Chili Peppers",546
1999-08-21,"Scar Tissue","Red Hot Chili Peppers",546
1999-08-28,"Scar Tissue","Red Hot Chili Peppers",546
1999-09-04,"Scar Tissue","Red Hot Chili Peppers",546
1999-09-11,"Scar Tissue","Red Hot Chili Peppers",546
1999-09-18,"Scar Tissue","Red Hot Chili Peppers",546
1999-09-25,"Higher","Creed",0
1999-10-02,"Higher","Creed",0
1999-10-09,"Higher","Creed",0
1999-10-16,"Higher","Creed",0
1999-10-23,"Higher","Creed",0
1999-10-30,"Higher","Creed",0
1999-11-06,"Higher","Creed",0
1999-11-13,"Higher","Creed",0
1999-11-20,"Higher","Creed",0
1999-11-27,"Higher","Creed",0
1999-12-04,"Higher","Creed",0
1999-12-11,"Higher","Creed",0
1999-12-18,"Higher","Creed",0
1999-12-25,"Higher","Creed",0
2000-01-01,"Higher","Creed",0
2000-01-08,"Higher","Creed",0
2000-01-15,"Higher","Creed",0
2000-01-22,"No Leaf Clover","Metallica",0
2000-01-29,"No Leaf Clover","Metallica",0
2000-02-05,"No Leaf Clover","Metallica",0
2000-02-12,"No Leaf Clover","Metallica",0
2000-02-19,"No Leaf Clover","Metallica",0
2000-02-26,"No Leaf Clover","Metallica",0
2000-03-04,"No Leaf Clover","Metallica",0
2000-03-11,"Stiff Upper Lip","AC/DC",0
2000-03-18,"Stiff Upper Lip","AC/DC",0
2000-03-25,"Stiff Upper Lip","AC/DC",0
2000-04-01,"Stiff Upper Lip","AC/DC",0
2000-04-08,"Kryptonite","3 Doors Down",591
2000-04-15,"Kryptonite","3 Doors Down",591
2000-04-22,"Kryptonite","3 Doors Down",591
2000-04-29,"Kryptonite","3 Doors Down",591
2000-05-06,"Kryptonite","3 Doors Down",591
2000-05-13,"Kryptonite","3 Doors Down",591
2000-05-20,"Kryptonite","3 Doors Down",591
2000-05-27,"Kryptonite","3 Doors Down",591
2000-06-03,"Kryptonite","3 Doors Down",591
2000-06-10,"I Disappear","Metallica",0
2000-06-17,"I Disappear","Metallica",0
2000-06-24,"I Disappear","Metallica",0
2000-07-01,"I Disappear","Metallica",0
2000-07-08,"With Arms Wide Open","Creed",0
2000-07-15,"With Arms Wide Open","Creed",0
2000-07-22,"With Arms Wide Open","Creed",0
2000-07-29,"With Arms Wide Open","Creed",0
2000-08-05,"I Disappear","Metallica",0
2000-08-12,"I Disappear","Metallica",0
2000-08-19,"I Disappear","Metallica",0
2000-08-26,"Californication","Red Hot Chili Peppers",0
2000-09-02,"Californication","Red Hot Chili Peppers",0
2000-09-09,"Loser","3 Doors Down",0
2000-09-16,"Loser","3 Doors Down",0
2000-09-23,"Loser","3 Doors Down",0
2000-09-30,"Loser","3 Doors Down",0
2000-10-07,"Loser","3 Doors Down",0
2000-10-14,"Loser","3 Doors Down",0
2000-10-21,"Loser","3 Doors Down",0
2000-10-28,"Loser","3 Doors Down",0
2000-11-04,"Loser","3 Doors Down",0
2000-11-11,"Loser","3 Doors Down",0
2000-11-18,"Loser","3 Doors Down",0
2000-11-25,"Loser","3 Doors Down",0
2000-12-02,"Loser","3 Doors Down",0
2000-12-09,"Loser","3 Doors Down",0
2000-12-16,"Loser","3 Doors Down",0
2000-12-23,"Loser","3 Doors Down",0
2000-12-30,"Loser","3 Doors Down",0
2001-01-06,"Loser","3 Doors Down",0
2001-01-20,"Loser","3 Doors Down",0
2001-01-27,"Loser","3 Doors Down",0
2001-02-03,"Awake","Godsmack",0
2001-02-10,"Jaded","Aerosmith",615
2001-02-17,"Jaded","Aerosmith",615
2001-02-24,"Jaded","Aerosmith",615
2001-03-03,"Jaded","Aerosmith",615
2001-03-10,"Jaded","Aerosmith",615
2001-03-17,"Outside","Aaron Lewis Of Staind With Fred Durst",0
2001-03-24,"Outside","Aaron Lewis Of Staind With Fred Durst",0
2001-03-31,"Breakdown","Tantric",0
2001-04-07,"Duck And Run","3 Doors Down",0
2001-04-14,"Duck And Run","3 Doors Down",0
2001-04-21,"Duck And Run","3 Doors Down",0
2001-04-28,"It's Been Awhile","Staind",0
2001-05-05,"It's Been Awhile","Staind",0
2001-05-12,"It's Been Awhile","Staind",0
2001-05-19,"It's Been Awhile","Staind",0
2001-05-26,"It's Been Awhile","Staind",0
2001-06-02,"It's Been Awhile","Staind",0
2001-06-09,"It's Been Awhile","Staind",0
2001-06-16,"It's Been Awhile","Staind",0
2001-06-23,"It's Been Awhile","Staind",0
2001-06-30,"It's Been Awhile","Staind",0
2001-07-07,"It's Been Awhile","Staind",0
2001-07-14,"It's Been Awhile","Staind",0
2001-07-21,"It's Been Awhile","Staind",0
2001-07-28,"It's Been Awhile","Staind",0
2001-08-04,"It's Been Awhile","Staind",0
2001-08-11,"It's Been Awhile","Staind",0
2001-08-18,"It's Been Awhile","Staind",0
2001-08-25,"It's Been Awhile","Staind",0
2001-09-01,"It's Been Awhile","Staind",0
2001-09-08,"It's Been Awhile","Staind",0
2001-09-15,"How You Remind Me","Nickelback",631
2001-09-22,"How You Remind Me","Nickelback",631
2001-09-29,"How You Remind Me","Nickelback",631
2001-10-06,"How You Remind Me","Nickelback",631
2001-10-13,"How You Remind Me","Nickelback",631
2001-10-20,"How You Remind Me","Nickelback",631
2001-10-27,"How You Remind Me","Nickelback",631
2001-11-03,"How You Remind Me","Nickelback",631
2001-11-10,"How You Remind Me","Nickelback",631
2001-11-17,"How You Remind Me","Nickelback",631
2001-11-24,"How You Remind Me","Nickelback",631
2001-12-01,"How You Remind Me","Nickelback",631
2001-12-08,"How You Remind Me","Nickelback",631
2001-12-15,"My Sacrifice","Creed",0
2001-12-22,"My Sacrifice","Creed",0
2001-12-29,"My Sacrifice","Creed",0
2002-01-05,"My Sacrifice","Creed",0
2002-01-12,"My Sacrifice","Creed",0
2002-01-19,"My Sacrifice","Creed",0
2002-01-26,"My Sacrifice","Creed",0
2002-02-02,"My Sacrifice","Creed",0
2002-02-09,"My Sacrifice","Creed",0
2002-02-16,"Blurry","Puddle Of Mudd",0
2002-02-23,"Blurry","Puddle Of Mudd",0
2002-03-02,"Blurry","Puddle Of Mudd",0
2002-03-09,"Blurry","Puddle Of Mudd",0
2002-03-16,"Blurry","Puddle Of Mudd",0
2002-03-23,"Blurry","Puddle Of Mudd",0
2002-03-30,"Blurry","Puddle Of Mudd",0
2002-04-06,"Blurry","Puddle Of Mudd",0
2002-04-13,"Blurry","Puddle Of Mudd",0
2002-04-20,"Blurry","Puddle Of Mudd",0
2002-04-27,"Too Bad","Nickelback",0
2002-05-04,"Too Bad","Nickelback",0
2002-05-11,"Too Bad","Nickelback",0
2002-05-18,"I Stand Alone","Godsmack",0
2002-05-25,"I Stand Alone","Godsmack",0
2002-06-01,"I Stand Alone","Godsmack",0
2002-06-08,"I Stand Alone","Godsmack",0
2002-06-15,"Hero","Chad Kroeger Featuring Josey Scott",0
2002-06-22,"Hero","Chad Kroeger Featuring Josey Scott",0
2002-06-29,"Drift & Die","Puddle Of Mudd",0
2002-07-06,"Drift & Die","Puddle Of Mudd",0
2002-07-13,"Drift & Die","Puddle Of Mudd",0
2002-07-20,"Drift & Die","Puddle Of Mudd",0
2002-07-27,"Drift & Die","Puddle Of Mudd",0
2002-08-03,"Drift & Die","Puddle Of Mudd",0
2002-08-10,"By The Way","Red Hot Chili Peppers",0
2002-08-17,"By The Way","Red Hot Chili Peppers",0
2002-08-24,"By The Way","Red Hot Chili Peppers",0
2002-08-31,"By The Way","Red Hot Chili Peppers",0
2002-09-07,"By The Way","Red Hot Chili Peppers",0
2002-09-14,"By The Way","Red Hot Chili Peppers",0
2002-09-21,"By The Way","Red Hot Chili Peppers",0
2002-09-28,"Aerials","System Of A Down",0
2002-10-05,"Never Again","Nickelback",0
2002-10-12,"Never Again","Nickelback",0
2002-10-19,"Never Again","Nickelback",0
2002-10-26,"She Hates Me","Puddle Of Mudd",0
2002-11-02,"You Know You're Right","Nirvana",639
2002-11-09,"You Know You're Right","Nirvana",639
2002-11-16,"You Know You're Right","Nirvana",639
2002-11-23,"You Know You're Right","Nirvana",639
2002-11-30,"When I'm Gone","3 Doors Down",0
2002-12-07,"When I'm Gone","3 Doors Down",0
2002-12-14,"When I'm Gone","3 Doors Down",0
2002-12-21,"When I'm Gone","3 Doors Down",0
2002-12-28,"When I'm Gone","3 Doors Down",0
2003-01-04,"When I'm Gone","3 Doors Down",0
2003-01-11,"When I'm Gone","3 Doors Down",0
2003-01-18,"When I'm Gone","3 Doors Down",0
2003-01-25,"When I'm Gone","3 Doors Down",0
2003-02-01,"When I'm Gone","3 Doors Down",0
2003-02-08,"When I'm Gone","3 Doors Down",0
2003-02-15,"When I'm Gone","3 Doors Down",0
2003-02-22,"When I'm Gone","3 Doors Down",0
2003-03-01,"When I'm Gone","3 Doors Down",0
2003-03-08,"When I'm Gone","3 Doors Down",0
2003-03-15,"When I'm Gone","3 Doors Down",0
2003-03-22,"When I'm Gone","3 Doors Down",0
2003-03-29,"Straight Out Of Line","Godsmack",0
2003-04-05,"Straight Out Of Line","Godsmack",0
2003-04-12,"Somewhere I Belong","Linkin Park",0
2003-04-19,"Like A Stone","Audioslave",0
2003-04-26,"Like A Stone","Audioslave",0
2003-05-03,"Like A Stone","Audioslave",0
2003-05-10,"Like A Stone","Audioslave",0
2003-05-17,"Like A Stone","Audioslave",0
2003-05-24,"Like A Stone","Audioslave",0
2003-05-31,"Like A Stone","Audioslave",0
2003-06-07,"Like A Stone","Audioslave",0
2003-06-14,"Like A Stone","Audioslave",0
2003-06-21,"Like A Stone","Audioslave",0
2003-06-28,"Like A Stone","Audioslave",0
2003-07-05,"Like A Stone","Audioslave",0
2003-07-12,"Send The Pain Below","Chevelle",0
2003-07-19,"Send The Pain Below","Chevelle",0
2003-07-26,"Headstrong","Trapt",0
2003-08-02,"Send The Pain Below","Chevelle",0
2003-08-09,"Send The Pain Below","Chevelle",0
2003-08-16,"So Far Away","Staind",0
2003-08-23,"So Far Away","Staind",0
2003-08-30,"So Far Away","Staind",0
2003-09-06,"So Far Away","Staind",0
2003-09-13,"So Far Away","Staind",0
2003-09-20,"So Far Away","Staind",0
2003-09-27,"So Far Away","Staind",0
2003-10-04,"So Far Away","Staind",0
2003-10-11,"So Far Away","Staind",0
2003-10-18,"So Far Away","Staind",0
2003-10-25,"So Far Away","Staind",0
2003-11-01,"So Far Away","Staind",0
2003-11-08,"So Far Away","Staind",0
2003-11-15,"So Far Away","Staind",0
2003-11-22,"Weak And Powerless","A Perfect Circle",0
2003-11-29,"Weak And Powerless","A Perfect Circle",0
2003-12-06,"Still Frame","Trapt",0
2003-12-13,"Away From Me","Puddle Of Mudd",0
2003-12-20,"Away From Me","Puddle Of Mudd",0
2003-12-27,"Away From Me","Puddle Of Mudd",0
2004-01-03,"Numb","Linkin Park",0
2004-01-10,"Numb","Linkin Park",0
2004-01-17,"Numb","Linkin Park",0
2004-01-24,"Figured You Out","Nickelback",0
2004-01-31,"Figured You Out","Nickelback",0
2004-02-07,"Figured You Out","Nickelback",0
2004-02-14,"Figured You Out","Nickelback",0
2004-02-21,"Figured You Out","Nickelback",0
2004-02-28,"Figured You Out","Nickelback",0
2004-03-06,"Figured You Out","Nickelback",0
2004-03-13,"Figured You Out","Nickelback",0
2004-03-20,"Figured You Out","Nickelback",0
2004-03-27,"Figured You Out","Nickelback",0
2004-04-03,"Figured You Out","Nickelback",0
2004-04-10,"Figured You Out","Nickelback",0
2004-04-17,"Figured You Out","Nickelback",0
2004-04-24,"Cold Hard Bitch","Jet",0
2004-05-01,"Cold Hard Bitch","Jet",0
2004-05-08,"Cold Hard Bitch","Jet",0
2004-05-15,"Cold Hard Bitch","Jet",0
2004-05-22,"Cold Hard Bitch","Jet",0
2004-05-29,"Cold Hard Bitch","Jet",0
2004-06-05,"Cold Hard Bitch","Jet",0
2004-06-12,"Cold Hard Bitch","Jet",0
2004-06-19,"Slither","Velvet Revolver",0
2004-06-26,"Slither","Velvet Revolver",0
2004-07-03,"Slither","Velvet Revolver",0
2004-07-10,"Slither","Velvet Revolver",0
2004-07-17,"Slither","Velvet Revolver",0
2004-07-24,"Slither","Velvet Revolver",0
2004-07-31,"Slither","Velvet Revolver",0
2004-08-07,"Slither","Velvet Revolver",0
2004-08-14,"Slither","Velvet Revolver",0
2004-08-21,"Just Like You","Three Days Grace",0
2004-08-28,"Just Like You","Three Days Grace",0
2004-09-04,"Just Like You","Three Days Grace",0
2004-09-11,"Breaking The Habit","Linkin Park",0
2004-09-18,"Breaking The Habit","Linkin Park",0
2004-09-25,"Breaking The Habit","Linkin Park",0
2004-10-02,"Fall To Pieces","Velvet Revolver",0
2004-10-09,"Fall To Pieces","Velvet Revolver",0
2004-10-16,"Fall To Pieces","Velvet Revolver",0
2004-10-23,"Fall To Pieces","Velvet Revolver",0
2004-10-30,"Fall To Pieces","Velvet Revolver",0
2004-11-06,"Fall To Pieces","Velvet Revolver",0
2004-11-13,"Fall To Pieces","Velvet Revolver",0
2004-11-20,"Fall To Pieces","Velvet Revolver",0
2004-11-27,"Fall To Pieces","Velvet Revolver",0
2004-12-04,"Fall To Pieces","Velvet Revolver",0
2004-12-11,"Fall To Pieces","Velvet Revolver",0
2004-12-18,"Vitamin R (Leading Us Along)","Chevelle",0
2004-12-25,"Vitamin R (Leading Us Along)","Chevelle",0
2005-01-01,"Boulevard Of Broken Dreams","Green Day",794
2005-01-08,"Boulevard Of Broken Dreams","Green Day",794
2005-01-15,"Boulevard Of Broken Dreams","Green Day",794
2005-01-22,"Boulevard Of Broken Dreams","Green Day",794
2005-01-29,"Boulevard Of Broken Dreams","Green Day",794
2005-02-05,"Boulevard Of Broken Dreams","Green Day",794
2005-02-12,"Boulevard Of Broken Dreams","Green Day",794
2005-02-19,"Boulevard Of Broken Dreams","Green Day",794
2005-02-26,"Boulevard Of Broken Dreams","Green Day",794
2005-03-05,"Boulevard Of Broken Dreams","Green Day",794
2005-03-12,"Boulevard Of Broken Dreams","Green Day",794
2005-03-19,"Boulevard Of Broken Dreams","Green Day",794
2005-03-26,"Boulevard Of Broken Dreams","Green Day",794
2005-04-02,"Boulevard Of Broken Dreams","Green Day",794
2005-04-09,"Be Yourself","Audioslave",0
2005-04-16,"Be Yourself","Audioslave",0
2005-04-23,"Be Yourself","Audioslave",0
2005-04-30,"Be Yourself","Audioslave",0
2005-05-07,"Be Yourself","Audioslave",0
2005-05-14,"Be Yourself","Audioslave",0
2005-05-21,"Be Yourself","Audioslave",0
2005-05-28,"Happy?","Mudvayne",0
2005-06-04,"Holiday","Green Day",0
2005-06-11,"Holiday","Green Day",0
2005-06-18,"Holiday","Green Day",0
2005-06-25,"Remedy","Seether",0
2005-07-02,"Remedy","Seether",0
2005-07-09,"Remedy","Seether",0
2005-07-16,"Remedy","Seether",0
2005-07-23,"Remedy","Seether",0
2005-07-30,"Best Of You","Foo Fighters",0
2005-08-06,"Best Of You","Foo Fighters",0
2005-08-13,"Best Of You","Foo Fighters",0
2005-08-20,"Best Of You","Foo Fighters",0
2005-08-27,"Remedy","Seether",0
2005-09-03,"Remedy","Seether",0
2005-09-10,"Remedy","Seether",0
2005-09-17,"Right Here","Staind",0
2005-09-24,"Right Here","Staind",0
2005-10-01,"Photograph","Nickelback",0
2005-10-08,"Photograph","Nickelback",0
2005-10-15,"Photograph","Nickelback",0
2005-10-22,"Photograph","Nickelback",0
2005-10-29,"Photograph","Nickelback",0
2005-11-05,"Photograph","Nickelback",0
2005-11-12,"Photograph","Nickelback",0
2005-11-19,"Save Me","Shinedown",0
2005-11-26,"Save Me","Shinedown",0
2005-12-03,"Save Me","Shinedown",0
2005-12-10,"Save Me","Shinedown",0
2005-12-17,"Save Me","Shinedown",0
2005-12-24,"Save Me","Shinedown",0
2005-12-31,"Save Me","Shinedown",0
2006-01-07,"Save Me","Shinedown",0
2006-01-14,"Save Me","Shinedown",0
2006-01-21,"Save Me","Shinedown",0
2006-01-28,"Save Me","Shinedown",0
2006-02-04,"Save Me","Shinedown",0
2006-02-11,"Animals","Nickelback",0
2006-02-18,"Animals","Nickelback",0
2006-02-25,"Animals","Nickelback",0
2006-03-04,"Animals","Nickelback",0
2006-03-11,"Animals","Nickelback",0
2006-03-18,"Animals","Nickelback",0
2006-03-25,"Speak","Godsmack",0
2006-04-01,"Speak","Godsmack",0
2006-04-08,"Speak","Godsmack",0
2006-04-15,"Speak","Godsmack",0
2006-04-22,"Speak","Godsmack",0
2006-04-29,"Speak","Godsmack",0
2006-05-06,"Dani California","Red Hot Chili Peppers",0
2006-05-13,"Dani California","Red Hot Chili Peppers",0
2006-05-20,"Dani California","Red Hot Chili Peppers",0
2006-05-27,"Dani California","Red Hot Chili Peppers",0
2006-06-03,"Dani California","Red Hot Chili Peppers",0
2006-06-10,"Dani California","Red Hot Chili Peppers",0
2006-06-17,"Dani California","Red Hot Chili Peppers",0
2006-06-24,"Dani California","Red Hot Chili Peppers",0
2006-07-01,"Dani California","Red Hot Chili Peppers",0
2006-07-08,"Dani California","Red Hot Chili Peppers",0
2006-07-15,"Dani California","Red Hot Chili Peppers",0
2006-07-22,"Dani California","Red Hot Chili Peppers",0
2006-07-29,"Animal I Have Become","Three Days Grace",0
2006-08-05,"Animal I Have Become","Three Days Grace",0
2006-08-12,"Animal I Have Become","Three Days Grace",0
2006-08-19,"Animal I Have Become","Three Days Grace",0
2006-08-26,"Animal I Have Become","Three Days Grace",0
2006-09-02,"Animal I Have Become","Three Days Grace",0
2006-09-09,"Animal I Have Become","Three Days Grace",0
2006-09-16,"Through Glass","Stone Sour",0
2006-09-23,"Through Glass","Stone Sour",0
2006-09-30,"Through Glass","Stone Sour",0
2006-10-07,"Through Glass","Stone Sour",0
2006-10-14,"Through Glass","Stone Sour",0
2006-10-21,"Through Glass","Stone Sour",0
2006-10-28,"Through Glass","Stone Sour",0
2006-11-04,"Land Of Confusion","Disturbed",0
2006-11-11,"Land Of Confusion","Disturbed",0
2006-11-18,"Land Of Confusion","Disturbed",0
2006-11-25,"The Pot","Tool",0
2006-12-02,"The Pot","Tool",0
2006-12-09,"The Pot","Tool",0
2006-12-16,"The Pot","Tool",0
2006-12-23,"Pain","Three Days Grace",0
2006-12-30,"Pain","Three Days Grace",0
2007-01-06,"Pain","Three Days Grace",0
2007-01-13,"Pain","Three Days Grace",0
2007-01-20,"Pain","Three Days Grace",0
2007-01-27,"Pain","Three Days Grace",0
2007-02-03,"Pain","Three Days Grace",0
2007-02-10,"Pain","Three Days Grace",0
2007-02-17,"Pain","Three Days Grace",0
2007-02-24,"Pain","Three Days Grace",0
2007-03-03,"Pain","Three Days Grace",0
2007-03-10,"Pain","Three Days Grace",0
2007-03-17,"Pain","Three Days Grace",0
2007-03-24,"Breath","Breaking Benjamin",0
2007-03-31,"Breath","Breaking Benjamin",0
2007-04-07,"Breath","Breaking Benjamin",0
2007-04-14,"Breath","Breaking Benjamin",0
2007-04-21,"Breath","Breaking Benjamin",0
2007-04-28,"Breath","Breaking Benjamin",0
2007-05-05,"Breath","Breaking Benjamin",0
2007-05-12,"What I've Done","Linkin Park",0
2007-05-19,"What I've Done","Linkin Park",0
2007-05-26,"What I've Done","Linkin Park",0
2007-06-02,"What I've Done","Linkin Park",0
2007-06-09,"What I've Done","Linkin Park",0
2007-06-16,"What I've Done","Linkin Park",0
2007-06-23,"What I've Done","Linkin Park",0
2007-06-30,"What I've Done","Linkin Park",0
2007-07-07,"I Don't Wanna Stop","Ozzy Osbourne",0
2007-07-14,"I Don't Wanna Stop","Ozzy Osbourne",0
2007-07-21,"I Don't Wanna Stop","Ozzy Osbourne",0
2007-07-28,"I Don't Wanna Stop","Ozzy Osbourne",0
2007-08-04,"I Don't Wanna Stop","Ozzy Osbourne",0
2007-08-11,"Paralyzer","Finger Eleven",0
2007-08-18,"Never Too Late","Three Days Grace",0
2007-08-25,"Never Too Late","Three Days Grace",0
2007-09-01,"Never Too Late","Three Days Grace",0
2007-09-08,"Never Too Late","Three Days Grace",0
2007-09-15,"Never Too Late","Three Days Grace",0
2007-09-22,"Never Too Late","Three Days Grace",0
2007-09-29,"Never Too Late","Three Days Grace",0
2007-10-06,"The Pretender","Foo Fighters",0
2007-10-13,"The Pretender","Foo Fighters",0
2007-10-20,"The Pretender","Foo Fighters",0
2007-10-27,"The Pretender","Foo Fighters",0
2007-11-03,"The Pretender","Foo Fighters",0
2007-11-10,"The Pretender","Foo Fighters",0
2007-11-17,"Fake It","Seether",0
2007-11-24,"Fake It","Seether",0
2007-12-01,"Fake It","Seether",0
2007-12-08,"Fake It","Seether",0
2007-12-15,"Fake It","Seether",0
2007-12-22,"Fake It","Seether",0
2007-12-29,"Fake It","Seether",0
2008-01-05,"Fake It","Seether",0
2008-01-12,"Fake It","Seether",0
2008-01-19,"Fake It","Seether",0
2008-01-26,"Fake It","Seether",0
2008-02-02,"Fake It","Seether",0
2008-02-09,"Fake It","Seether",0
2008-02-16,"Fake It","Seether",0
2008-02-23,"Psycho","Puddle Of Mudd",0
2008-03-01,"Psycho","Puddle Of Mudd",0
2008-03-08,"Psycho","Puddle Of Mudd",0
2008-03-15,"Psycho","Puddle Of Mudd",0
2008-03-22,"Psycho","Puddle Of Mudd",0
2008-03-29,"Psycho","Puddle Of Mudd",0
2008-04-05,"Psycho","Puddle Of Mudd",0
2008-04-12,"Psycho","Puddle Of Mudd",0
2008-04-19,"Psycho","Puddle Of Mudd",0
2008-04-26,"It's Not My Time","3 Doors Down",0
2008-05-03,"It's Not My Time","3 Doors Down",0
2008-05-10,"It's Not My Time","3 Doors Down",0
2008-05-17,"Inside The Fire","Disturbed",0
2008-05-24,"Inside The Fire","Disturbed",0
2008-05-31,"Inside The Fire","Disturbed",0
2008-06-07,"Inside The Fire","Disturbed",0
2008-06-14,"Inside The Fire","Disturbed",0
2008-06-21,"Inside The Fire","Disturbed",0
2008-06-28,"Inside The Fire","Disturbed",0
2008-07-05,"Inside The Fire","Disturbed",0
2008-07-12,"Inside The Fire","Disturbed",0
2008-07-19,"Inside The Fire","Disturbed",0
2008-07-26,"Inside The Fire","Disturbed",0
2008-08-02,"Inside The Fire","Disturbed",0
2008-08-09,"Inside The Fire","Disturbed",0
2008-08-16,"Inside The Fire","Disturbed",0
2008-08-23,"Devour","Shinedown",0
2008-08-30,"Devour","Shinedown",0
2008-09-06,"Devour","Shinedown",0
2008-09-13,"Bad Girlfriend","Theory Of A Deadman",0
2008-09-20,"The Day That Never Comes","Metallica",0
2008-09-27,"The Day That Never Comes","Metallica",0
2008-10-04,"Bad Girlfriend","Theory Of A Deadman",0
2008-10-11,"The Day That Never Comes","Metallica",0
2008-10-18,"The Day That Never Comes","Metallica",0
2008-10-25,"The Day That Never Comes","Metallica",0
2008-11-01,"The Day That Never Comes","Metallica",0
2008-11-08,"The Day That Never Comes","Metallica",0
2008-11-15,"The Day That Never Comes","Metallica",0
2008-11-22,"The Day That Never Comes","Metallica",0
2008-11-29,"Rock N Roll Train","AC/DC",0
2008-12-06,"Rock N Roll Train","AC/DC",0
2008-12-13,"Rock N Roll Train","AC/DC",0
2008-12-20,"I Don't Care","Apocalyptica Featuring Adam Gontier",0
2008-12-27,"Second Chance","Shinedown",0
2009-01-03,"Second Chance","Shinedown",0
2009-01-10,"Second Chance","Shinedown",0
2009-01-17,"Second Chance","Shinedown",0
2009-01-24,"Second Chance","Shinedown",0
2009-01-31,"Second Chance","Shinedown",0
2009-02-07,"Second Chance","Shinedown",0
2009-02-14,"Second Chance","Shinedown",0
2009-02-21,"Second Chance","Shinedown",0
2009-02-28,"Second Chance","Shinedown",0
2009-03-07,"Something In Your Mouth","Nickelback",0
2009-03-14,"Something In Your Mouth","Nickelback",0
2009-03-21,"Something In Your Mouth","Nickelback",0
2009-03-28,"Something In Your Mouth","Nickelback",0
2009-04-04,"Cyanide","Metallica",0
2009-04-11,"Cyanide","Metallica",0
2009-04-18,"Lifeline","Papa Roach",0
2009-04-25,"Lifeline","Papa Roach",0
2009-05-02,"Lifeline","Papa Roach",0
2009-05-09,"Lifeline","Papa Roach",0
2009-05-16,"Lifeline","Papa Roach",0
2009-05-23,"Lifeline","Papa Roach",0
2009-05-30,"Know Your Enemy","Green Day",0
2009-06-06,"Know Your Enemy","Green Day",0
2009-06-13,"Know Your Enemy","Green Day",0
2009-06-20,"Sound Of Madness","Shinedown",0
2009-06-27,"Sound Of Madness","Shinedown",0
2009-07-04,"Sound Of Madness","Shinedown",0
2009-07-11,"New Divide","Linkin Park",0
2009-07-18,"New Divide","Linkin Park",0
2009-07-25,"New Divide","Linkin Park",0
2009-08-01,"New Divide","Linkin Park",0
2009-08-08,"New Divide","Linkin Park",0
2009-08-15,"New Divide","Linkin Park",0
2009-08-22,"New Divide","Linkin Park",0
2009-08-29,"New Divide","Linkin Park",0
2009-09-05,"Champagne","Cavo",0
2009-09-12,"Whiskey Hangover","Godsmack",0
2009-09-19,"Whiskey Hangover","Godsmack",0
2009-09-26,"Whiskey Hangover","Godsmack",0
2009-10-03,"Check My Brain","Alice In Chains",0
2009-10-10,"Check My Brain","Alice In Chains",0
2009-10-17,"Check My Brain","Alice In Chains",0
2009-10-24,"Check My Brain","Alice In Chains",0
2009-10-31,"Check My Brain","Alice In Chains",0
2009-11-07,"Check My Brain","Alice In Chains",0
2009-11-14,"Check My Brain","Alice In Chains",0
2009-11-21,"Check My Brain","Alice In Chains",0
2009-11-28,"I Will Not Bow","Breaking Benjamin",0
2009-12-05,"I Will Not Bow","Breaking Benjamin",0
2009-12-12,"Break","Three Days Grace",0
2009-12-19,"Break","Three Days Grace",0
2009-12-26,"Break","Three Days Grace",0
2010-01-02,"Break","Three Days Grace",0
2010-01-09,"Break","Three Days Grace",0
2010-01-16,"Break","Three Days Grace",0
2010-01-23,"Break","Three Days Grace",0
2010-01-30,"Break","Three Days Grace",0
2010-02-06,"Break","Three Days Grace",0
2010-02-13,"Break","Three Days Grace",0
2010-02-20,"Break","Three Days Grace",0
2010-02-27,"Your Decision","Alice In Chains",0
2010-03-06,"Your Decision","Alice In Chains",0
2010-03-13,"Your Decision","Alice In Chains",0
2010-03-20,"Your Decision","Alice In Chains",0
2010-03-27,"Your Decision","Alice In Chains",0
2010-04-03,"Your Decision","Alice In Chains",0
2010-04-10,"Your Decision","Alice In Chains",0
2010-04-17,"Your Decision","Alice In Chains",0
2010-04-24,"Cryin' Like A Bitch!","Godsmack",0
2010-05-01,"Cryin' Like A Bitch!","Godsmack",0
2010-05-08,"Cryin' Like A Bitch!","Godsmack",0
2010-05-15,"Cryin' Like A Bitch!","Godsmack",0
2010-05-22,"Cryin' Like A Bitch!","Godsmack",0
2010-05-29,"The Good Life","Three Days Grace",0
2010-06-05,"The Good Life","Three Days Grace",0
2010-06-12,"The Good Life","Three Days Grace",0
2010-06-19,"The Good Life","Three Days Grace",0
2010-06-26,"The Good Life","Three Days Grace",0
2010-07-03,"Let Me Hear You Scream","Ozzy Osbourne",0
2010-07-10,"Let Me Hear You Scream","Ozzy Osbourne",0
2010-07-17,"Let Me Hear You Scream","Ozzy Osbourne",0
2010-07-24,"Let Me Hear You Scream","Ozzy Osbourne",0
2010-07-31,"The Crow And The Butterfly","Shinedown",0
2010-08-07,"Another Way To Die","Disturbed",0
2010-08-14,"Another Way To Die","Disturbed",0
2010-08-21,"Another Way To Die","Disturbed",0
2010-08-28,"Another Way To Die","Disturbed",0
2010-09-04,"Another Way To Die","Disturbed",0
2010-09-11,"Another Way To Die","Disturbed",0
2010-09-18,"Another Way To Die","Disturbed",0
2010-09-25,"Another Way To Die","Disturbed",0
2010-10-02,"Say You'll Haunt Me","Stone Sour",0
2010-10-09,"Say You'll Haunt Me","Stone Sour",0
2010-10-16,"Say You'll Haunt Me","Stone Sour",0
2010-10-23,"Say You'll Haunt Me","Stone Sour",0
2010-10-30,"Say You'll Haunt Me","Stone Sour",0
2010-11-06,"Say You'll Haunt Me","Stone Sour",0
2010-11-13,"Say You'll Haunt Me","Stone Sour",0
2010-11-20,"Say You'll Haunt Me","Stone Sour",0
2010-11-27,"Porn Star Dancing","My Darkest Days Featuring Zakk Wylde",0
2010-12-04,"Porn Star Dancing","My Darkest Days Featuring Zakk Wylde",0
2010-12-11,"World So Cold","Three Days Grace",0
2010-12-18,"World So Cold","Three Days Grace",0
2010-12-25,"World So Cold","Three Days Grace",0
2011-01-01,"World So Cold","Three Days Grace",0
2011-01-08,"World So Cold","Three Days Grace",0
2011-01-15,"The Sex Is Good","Saving Abel",0
2011-01-22,"Isolation","Alter Bridge",0
2011-01-29,"Isolation","Alter Bridge",0
2011-02-05,"Isolation","Alter Bridge",0
2011-02-12,"Isolation","Alter Bridge",0
2011-02-19,"Isolation","Alter Bridge",0
2011-02-26,"Isolation","Alter Bridge",0
2011-03-05,"Isolation","Alter Bridge",0
2011-03-12,"Diamond Eyes (Boom-Lay Boom-Lay Boom)","Shinedown",0
2011-03-19,"Diamond Eyes (Boom-Lay Boom-Lay Boom)","Shinedown",0
2011-03-26,"Diamond Eyes (Boom-Lay Boom-Lay Boom)","Shinedown",0
2011-04-02,"Rope","Foo Fighters",0
2011-04-09,"Rope","Foo Fighters",0
2011-04-16,"Rope","Foo Fighters",0
2011-04-23,"Rope","Foo Fighters",0
2011-04-30,"Rope","Foo Fighters",0
2011-05-07,"Country Song","Seether",0
2011-05-14,"Country Song","Seether",0
2011-05-21,"Country Song","Seether",0
2011-05-28,"Country Song","Seether",0
2011-06-04,"Country Song","Seether",0
2011-06-11,"Country Song","Seether",0
2011-06-18,"Country Song","Seether",0
2011-06-25,"Country Song","Seether",0
2011-07-02,"Country Song","Seether",0
2011-07-09,"Country Song","Seether",0
2011-07-16,"Lies Of The Beautiful People","Sixx: A.M.",0
2011-07-23,"Lies Of The Beautiful People","Sixx: A.M.",0
2011-07-30,"So Far Away","Avenged Sevenfold",0
2011-08-06,"So Far Away","Avenged Sevenfold",0
2011-08-13,"So Far Away","Avenged Sevenfold",0
2011-08-20,"Lowlife","Theory Of A Deadman",0
2011-08-27,"Lowlife","Theory Of A Deadman",0
2011-09-03,"Lowlife","Theory Of A Deadman",0
2011-09-10,"Walk","Foo Fighters",0
2011-09-17,"Walk","Foo Fighters",0
2011-09-24,"Walk","Foo Fighters",0
2011-10-01,"Walk","Foo Fighters",0
2011-10-08,"Not Again","Staind",0
2011-10-15,"Not Again","Staind",0
2011-10-22,"Not Again","Staind",0
2011-10-29,"Not Again","Staind",0
2011-11-05,"Tonight","Seether",0
2011-11-12,"Not Again","Staind",0
2011-11-19,"Not Again","Staind",0
2011-11-26,"Not Again","Staind",0
2011-12-03,"Face To The Floor","Chevelle",0
2011-12-10,"Face To The Floor","Chevelle",0
2011-12-17,"Face To The Floor","Chevelle",0
2011-12-24,"Face To The Floor","Chevelle",0
2011-12-31,"Face To The Floor","Chevelle",0
2012-01-07,"Face To The Floor","Chevelle",0
2012-01-14,"Face To The Floor","Chevelle",0
2012-01-21,"Face To The Floor","Chevelle",0
2012-01-28,"Face To The Floor","Chevelle",0
2012-02-04,"Face To The Floor","Chevelle",0
2012-02-11,"Face To The Floor","Chevelle",0
2012-02-18,"Face To The Floor","Chevelle",0
2012-02-25,"Bully","Shinedown",0
2012-03-03,"Bully","Shinedown",0
2012-03-10,"Bully","Shinedown",0
2012-03-17,"Bully","Shinedown",0
2012-03-24,"Bully","Shinedown",0
2012-03-31,"Bully","Shinedown",0
2012-04-07,"Bully","Shinedown",0
2012-04-14,"Bully","Shinedown",0
2012-04-21,"Bully","Shinedown",0
2012-04-28,"Bully","Shinedown",0
2012-05-05,"Bully","Shinedown",0
2012-05-12,"Bully","Shinedown",0
2012-05-19,"Live To Rise","Soundgarden",0
2012-05-26,"Live To Rise","Soundgarden",0
2012-06-02,"Live To Rise","Soundgarden",0
2012-06-09,"Live To Rise","Soundgarden",0
2012-06-16,"Live To Rise","Soundgarden",0
2012-06-23,"Live To Rise","Soundgarden",0
2012-06-30,"BURN IT DOWN","Linkin Park",0
2012-07-07,"You're A Lie","Slash Featuring Myles Kennedy & The Conspirators",0
2012-07-14,"You're A Lie","Slash Featuring Myles Kennedy & The Conspirators",0
2012-07-21,"Still Counting","Volbeat",0
2012-07-28,"Still Counting","Volbeat",0
2012-08-04,"Unity","Shinedown",0
2012-08-11,"Unity","Shinedown",0
2012-08-18,"Unity","Shinedown",0
2012-08-25,"Unity","Shinedown",0
2012-09-01,"Coming Down","Five Finger Death Punch",0
2012-09-08,"Criticize","Adelitas Way",0
2012-09-15,"Coming Down","Five Finger Death Punch",0
2012-09-22,"Chalk Outline","Three Days Grace",0
2012-09-29,"Chalk Outline","Three Days Grace",0
2012-10-06,"Chalk Outline","Three Days Grace",0
2012-10-13,"Chalk Outline","Three Days Grace",0
2012-10-20,"Chalk Outline","Three Days Grace",0
2012-10-27,"Chalk Outline","Three Days Grace",0
2012-11-03,"Chalk Outline","Three Days Grace",0
2012-11-10,"Chalk Outline","Three Days Grace",0
2012-11-17,"Chalk Outline","Three Days Grace",0
2012-11-24,"Chalk Outline","Three Days Grace",0
2012-12-01,"Chalk Outline","Three Days Grace",0
2012-12-08,"Chalk Outline","Three Days Grace",0
2012-12-15,"Chalk Outline","Three Days Grace",0
2012-12-22,"Been Away Too Long","Soundgarden",0
2012-12-29,"Been Away Too Long","Soundgarden",0
2013-01-05,"Been Away Too Long","Soundgarden",0
2013-01-12,"Been Away Too Long","Soundgarden",0
2013-01-19,"Been Away Too Long","Soundgarden",0
2013-01-26,"Been Away Too Long","Soundgarden",0
2013-02-02,"Been Away Too Long","Soundgarden",0
2013-02-09,"Heaven Nor Hell","Volbeat",0
2013-02-16,"Stand Up","All That Remains",0
2013-02-23,"Stand Up","All That Remains",0
2013-03-02,"Hollow","Alice In Chains",0
2013-03-09,"Hollow","Alice In Chains",0
2013-03-16,"Hollow","Alice In Chains",0
2013-03-23,"Bones","Young Guns",0
2013-03-30,"Hollow","Alice In Chains",0
2013-04-06,"Hollow","Alice In Chains",0
2013-04-13,"Freak Like Me","Halestorm",0
2013-04-20,"Freak Like Me","Halestorm",0
2013-04-27,"The High Road","Three Days Grace",0
2013-05-04,"By Crooked Steps","Soundgarden",0
2013-05-11,"By Crooked Steps","Soundgarden",0
2013-05-18,"Vilify","Device",0
2013-05-25,"Vilify","Device",0
2013-06-01,"The Hangman's Body Count","Volbeat",0
2013-06-08,"The Hangman's Body Count","Volbeat",0
2013-06-15,"The Hangman's Body Count","Volbeat",0
2013-06-22,"Stone","Alice In Chains",0
2013-06-29,"Stone","Alice In Chains",0
2013-07-06,"Stone","Alice In Chains",0
2013-07-13,"Trenches","Pop Evil",0
2013-07-20,"Trenches","Pop Evil",0
2013-07-27,"Trenches","Pop Evil",0
2013-08-03,"Trenches","Pop Evil",0
2013-08-10,"Lift Me Up","Five Finger Death Punch Featuring Rob Halford",0
2013-08-17,"Out Of Time","Stone Temple Pilots",0
2013-08-24,"Hail To The King","Avenged Sevenfold",0
2013-08-31,"Hail To The King","Avenged Sevenfold",0
2013-09-07,"Hail To The King","Avenged Sevenfold",0
2013-09-14,"Hail To The King","Avenged Sevenfold",0
2013-09-21,"Hail To The King","Avenged Sevenfold",0
2013-09-28,"Hail To The King","Avenged Sevenfold",0
2013-10-05,"Hail To The King","Avenged Sevenfold",0
2013-10-12,"Hail To The King","Avenged Sevenfold",0
2013-10-19,"Hail To The King","Avenged Sevenfold",0
2013-10-26,"Hail To The King","Avenged Sevenfold",0
2013-11-02,"Misery Loves My Company","Three Days Grace",0
2013-11-09,"Hail To The King","Avenged Sevenfold",0
2013-11-16,"Never Never","Korn",0
2013-11-23,"Never Never","Korn",0
2013-11-30,"Never Never","Korn",0
2013-12-07,"Lola Montez","Volbeat",0
2013-12-14,"Battle Born","Five Finger Death Punch",0
2013-12-21,"Battle Born","Five Finger Death Punch",0
2013-12-28,"Deal With The Devil","Pop Evil",0
2014-01-04,"Battle Born","Five Finger Death Punch",0
2014-01-11,"Battle Born","Five Finger Death Punch",0
2014-01-18,"Battle Born","Five Finger Death Punch",0
2014-01-25,"Tired","Stone Sour",0
2014-02-01,"Shepherd Of Fire","Avenged Sevenfold",0
2014-02-08,"Shepherd Of Fire","Avenged Sevenfold",0
2014-02-15,"Shepherd Of Fire","Avenged Sevenfold",0
2014-02-22,"Shepherd Of Fire","Avenged Sevenfold",0
2014-03-01,"Shepherd Of Fire","Avenged Sevenfold",0
2014-03-08,"Shepherd Of Fire","Avenged Sevenfold",0
2014-03-15,"Shepherd Of Fire","Avenged Sevenfold",0
2014-03-22,"Heaven Knows","The Pretty Reckless",0
2014-03-29,"Heaven Knows","The Pretty Reckless",0
2014-04-05,"Heaven Knows","The Pretty Reckless",0
2014-04-12,"Heaven Knows","The Pretty Reckless",0
2014-04-19,"Heaven Knows","The Pretty Reckless",0
2014-04-26,"Take Out The Gunman","Chevelle",0
2014-05-03,"Take Out The Gunman","Chevelle",0
2014-05-10,"Take Out The Gunman","Chevelle",0
2014-05-17,"Guilty All The Same","Linkin Park Featuring Rakim",0
2014-05-24,"Guilty All The Same","Linkin Park Featuring Rakim",0
2014-05-31,"Guilty All The Same","Linkin Park Featuring Rakim",0
2014-06-07,"Torn To Pieces","Pop Evil",0
2014-06-14,"Torn To Pieces","Pop Evil",0
2014-06-21,"Painkiller","Three Days Grace",0
2014-06-28,"Painkiller","Three Days Grace",0
2014-07-05,"Painkiller","Three Days Grace",0
2014-07-12,"Painkiller","Three Days Grace",0
2014-07-19,"Words As Weapons","Seether",0
2014-07-26,"Words As Weapons","Seether",0
2014-08-02,"Words As Weapons","Seether",0
2014-08-09,"Words As Weapons","Seether",0
2014-08-16,"Words As Weapons","Seether",0
2014-08-23,"1000hp","Godsmack",0
2014-08-30,"1000hp","Godsmack",0
2014-09-06,"1000hp","Godsmack",0
2014-09-13,"Messed Up World","The Pretty Reckless",0
2014-09-20,"Until It's Gone","Linkin Park",0
2014-09-27,"Messed Up World","The Pretty Reckless",0
2014-10-04,"Messed Up World","The Pretty Reckless",0
2014-10-11,"Messed Up World","The Pretty Reckless",0
2014-10-18,"World On Fire","Slash Featuring Myles Kennedy & The Conspirators",0
2014-10-25,"Edge Of A Revolution","Nickelback",0
2014-11-01,"Edge Of A Revolution","Nickelback",0
2014-11-08,"Something From Nothing","Foo Fighters",0
2014-11-15,"Something From Nothing","Foo Fighters",0
2014-11-22,"Something From Nothing","Foo Fighters",0
2014-11-29,"Something From Nothing","Foo Fighters",0
2014-12-06,"Something From Nothing","Foo Fighters",0
2014-12-13,"Something From Nothing","Foo Fighters",0
2014-12-20,"Something From Nothing","Foo Fighters",0
2014-12-27,"Something From Nothing","Foo Fighters",0
2015-01-03,"Something From Nothing","Foo Fighters",0
2015-01-10,"Something From Nothing","Foo Fighters",0
2015-01-17,"Something From Nothing","Foo Fighters",0
2015-01-24,"Something From Nothing","Foo Fighters",0
2015-01-31,"Something From Nothing","Foo Fighters",0
2015-02-07,"I Am Machine","Three Days Grace",0
2015-02-14,"I Am Machine","Three Days Grace",0
2015-02-21,"I Am Machine","Three Days Grace",0
2015-02-28,"I Am Machine","Three Days Grace",0
2015-03-07,"I Am Machine","Three Days Grace",0
2015-03-14,"I Am Machine","Three Days Grace",0
2015-03-21,"Face Everything And Rise","Papa Roach",0
2015-03-28,"Apocalyptic","Halestorm",0
2015-04-04,"Congregation","Foo Fighters",0
2015-04-11,"Congregation","Foo Fighters",0
2015-04-18,"Congregation","Foo Fighters",0
2015-04-25,"Coming For You","The Offspring",0
2015-05-02,"Follow Me Down","The Pretty Reckless",0
2015-05-09,"Heavy Is The Head","Zac Brown Band Featuring Chris Cornell",0
2015-05-16,"Heavy Is The Head","Zac Brown Band Featuring Chris Cornell",0
2015-05-23,"Failure","Breaking Benjamin",0
2015-05-30,"Failure","Breaking Benjamin",0
2015-06-06,"Failure","Breaking Benjamin",0
2015-06-13,"Failure","Breaking Benjamin",0
2015-06-20,"Failure","Breaking Benjamin",0
2015-06-27,"Failure","Breaking Benjamin",0
2015-07-04,"Failure","Breaking Benjamin",0
2015-07-11,"Failure","Breaking Benjamin",0
2015-07-18,"Failure","Breaking Benjamin",0
2015-07-25,"Little Monster","Royal Blood",0
2015-08-01,"Amen","Halestorm",0
2015-08-08,"Cut The Cord","Shinedown",0
2015-08-15,"Cut The Cord","Shinedown",0
2015-08-22,"Cut The Cord","Shinedown",0
2015-08-29,"The Vengeful One","Disturbed",0
2015-09-05,"Cut The Cord","Shinedown",0
