"rank","artist","album","points","mentions","year"
1,"Joni Mitchell","Court and Spark (Asylum)","186","(14)","1974"
2,"Steely Dan","Pretzel Logic (ABC)","157","(13)","1974"
3,"Randy Newman","Good Old Boys (Reprise)","154","(13)","1974"
4,"Stevie Wonder","Fulfillingness' First Finale (Tamla)","153","(15)","1974"
5,"Rolling Stones","It's Only Rock 'n Roll (Rolling Stones)","150","(12)","1974"
6,"Bob Dylan and the Band","Before the Flood (Asylum)","139","(10)","1974"
7,"Roxy Music","Stranded (Atco)","106","(7)","1974"
8,"Jackson Browne","Late for the Sky (Asylum)","85","(6)","1974"
9,"Eric Clapton","461 Ocean Boulevard (RSO)","83","(7)","1974"
10,"New York Dolls","In Too Much Too Soon (Mercury)","76","(8)","1974"
11,"Linda Rondstadt","Heart Like a Wheel (Capitol)","69","(8)","1974"
12,"Gram Parsons","Grievous Angel (Reprise)","65","(5)","1974"
13,"Raspberries","Starting Over (Capitol)","50","(7)","1974"
14,"Bryan Ferry","These Foolish Things (Atlantic)","47","(5)","1974"
15,"Ry Cooder","Paradise and Lunch (Reprise)","42","(4)","1974"
16,"Average White Band","Average White Band (Atlantic)","40","(4)","1974"
17,"Velvet Underground","1969 Velvet Underground Live (Mercury)","40","(4)","1974"
18,"Bob Dylan","Planet Waves (Asylum)","38","(3)","1974"
19,"Eno","Here Come the Warm Jets (Island)","35","(2)","1974"
20,"Van Morrison","It's Too Late to Stop Now (Warner Bros.)","34","(3)","1974"
21,"10cc","Sheet Music (UK)","28","(3)","1974"
22,"Willie Nelson","Phases and Stages (Atlantic)","25","(3)","1974"
23,"Lou Reed","Rock n Roll Animal (RCA Victor)","25","(3)","1974"
24,"Spinners","Mighty Love (Atlantic)","20","(3)","1974"
25,"Blue Magic (Atco)","Blue Magic (Atco)","20","(2)","1974"
26,"Little Feat","Feats Don't Fail Me Now (Warner Bros.)","20","(2)","1974"
27,"Big Star","Radio City (Ardent)","18","(2)","1974"
28,"Bad Company","Bad Co. (Swan Song)","17","(3)","1974"
29,"Ohio Players","Skin Tight (Mercury)","17","(2)","1974"
30,"Kinks","Preservation Act 2 (RCA Victor)","17","(2)","1974"
31,"Maria Muldaur","Waitress in a Donut Shop (Reprise)","17","(2)","1974"
1,"Bob Dylan and the Band","The Basement Tapes (Columbia)","285","(23)","1975"
2,"Patti Smith","Horses (Arista)","240","(19)","1975"
3,"Bruce Springsteen","Born to Run (Columbia)","239","(9)","1975"
4,"Bob Dylan","Blood on the Tracks (Columbia)","220","(18)","1975"
5,"Neil Young","Tonight's the Night (Reprise)","177","(16)","1975"
6,"Steely Dan","Katy Lied (ABC)","173","(13)","1975"
7,"Roxy Music","Country Life (Atco)","110","(10)","1975"
8,"Bob Marley and the Wailers","Natty Dread (Island)","109","(12)","1975"
9,"The Band","Northern Lights-Southern Cross (Capitol)","106","(12)","1975"
10,"The Who","The Who by Numbers (MCA)","97","(10)","1975"
11,"Toots and the Maytals","Funky Kingston (Island)","96","(13)","1975"
12,"Neil Young","Zuma (Reprise)","94","(8)","1975"
13,"Roxy Music","Siren (Atco)","78","(9)","1975"
14,"Paul Simon","Still Crazy After All These Years (Columbia)","58","(5)","1975"
15,"Willie Nelson","Red Headed Stranger (Columbia)","58","(4)","1975"
16,"Fleetwood Mac","Fleetwood Mac (Reprise)","53","(4)","1975"
17,"Harold Melvin and the Blue Notes","To Be True (Philadelphia International)","43","(5)","1975"
18,"Gary Stewart","Out Of Hand (RCA)","41","(5)","1975"
19,"Nils Lofgren","Nils Lofgren (A&M)","37","(5)","1975"
20,"Eno","Taking Tiger Mountain (By Strategy) (Island)","35","(3)","1975"
21,"James Talley","Got No Bread, No Milk, No Money, But We Sure Got a Lot of Love (Capitol)","34","(3)","1975"
22,"Jeff Beck","Blow by Blow (Epic)","32","(3)","1975"
23,"Jefferson Starship","Red Octopus (Grunt)","32","(3)","1975"
24,"Beserkely Chartbusters Vol. 1 (Beserkley)","Beserkely Chartbusters Vol. 1 (Beserkley)","31","(4)","1975"
25,"Led Zeppelin","Physical Graffiti (Swan Song)","31","(3)","1975"
26,"Waylon Jennings","Dreamin' My Dreams (RCA)","30","(2)","1975"
27,"Linda Ronstadt","Prisoner in Disguise (Asylum)","30","(2)","1975"
28,"The Amazing Rhythm Aces","Stacked Deck (ABC)","27","(3)","1975"
29,"Earth, Wind & Fire","That's the Way of the World (Columbia)","25","(3)","1975"
30,"The Trammps","The Trammps (Golden Fleece)","20","(3)","1975"
1,"Stevie Wonder","Songs in the Key of Life (Tamla)","292","(25)","1976"
2,"Graham Parker & the Rumour","Heat Treatment (Mercury)","234","(22)","1976"
3,"Jackson Browne","The Pretender (Asylum)","232","(22)","1976"
4,"Graham Parker & the Rumour","Howlin' Wind (Mercury)","215","(19)","1976"
5,"Kate & Anna McGarrigle","Kate & Anna McGarrigle (Warner Bros.)","208","(16)","1976"
6,"Steely Dan","The Royal Scam (ABC)","182","(14)","1976"
7,"Joni Mitchell","Hejira (Asylum)","169","(16)","1976"
8,"Ramones","Ramones (Sire)","153","(15)","1976"
9,"Rod Stewart","A Night on the Town (Warner Bros.)","150","(15)","1976"
10,"Blue Oyster Cult","Agents of Fortune (Columbia)","148","(13)","1976"
11,"Eno","Another Green World (Island)","143","(12)","1976"
12,"The Wild Tchoupitoulas","The Wild Tchoupitoulas (Island)","136","(14)","1976"
13,"David Bowie","Station to Station (RCA Victor)","136","(13)","1976"
14,"The Modern Lovers","The Modern Lovers (Home of the Hits)","111","(12)","1976"
15,"Bob Seger & the Silver Bullet Band","Night Moves (Capitol)","109","(12)","1976"
16,"Dr. Buzzard's Original Savannah Band","Dr. Buzzard's Original Savannah Band (RCA Victor)","99","(7)","1976"
17,"Bob Marley and the Wailers","Live! (Island)","86","(10)","1976"
18,"Ry Cooder","Chicken Skin Music (Reprise)","84","(8)","1976"
19,"Warren Zevon","Warren Zevon (Asylum)","81","(8)","1976"
20,"The Dwight Twilley Band","Sincerely (Capitol)","80","(7)","1976"
21,"Boz Scaggs","Silk Degrees (Columbia)","79","(10)","1976"
22,"Boston","Boston (Epic)","78","(5)","1976"
23,"Richard & Linda Thompson","Pour Down Like Silver (Island)","74","(9)","1976"
24,"Arlo Guthrie","Amigo (Reprise)","68","(8)","1976"
25,"Thin Lizzy","Jailbreak (Mercury)","66","(6)","1976"
26,"Bob Dylan","Desire (Columbia)","59","(5)","1976"
27,"Jeff Beck","Wired (Epic)","58","(5)","1976"
28,"Andy Pratt","Resolution (Nemporer)","57","(6)","1976"
29,"Linda Ronstadt","Hasten Down the Wind (Asylum)","55","(4)","1976"
30,"Patti Smith Group","Radio Ethiopia (Arista)","53","(7)","1976"
1,"Sex Pistols","Never Mind the Bollocks, Here's the Sex Pistols (Warner Bros.)","412","(32)","1977"
2,"Elvis Costello","My Aim Is True (Columbia)","367","(33)","1977"
3,"Television","Marquee Moon (Elektra)","327","(26)","1977"
4,"Fleetwood Mac","Rumours (Warner Bros.)","318","(26)","1977"
5,"Steely Dan","Aja (ABC)","266","(23)","1977"
6,"Ramones","Rocket to Russia (Sire)","238","(23)","1977"
7,"Talking Heads","Talking Heads","170","(17)","1977"
8,"Randy Newman","Little Criminals (Warner Bros.)","160","(16)","1977"
9,"Garland Jeffreys","Ghost Writer (A&M)","153","(15)","1977"
10,"Cheap Trick","In Color (Epic)","121","(11)","1977"
11,"Jackson Browne","Running on Empty (Asylum)","113","(9)","1977"
12,"Pete Townshend & Ronnie Lane","Rough Mix (MCA)","105","(10)","1977"
13,"Kate & Anna McGarrigle","Dancer with Bruised Knees (Warner Bros.)","104","(12)","1977"
14,"Al Green","The Belle Album (Hi)","89","(10)","1977"
15,"Ornette Coleman","Dancing in Your Head (Horizon)","83","(8)","1977"
16,"Bryan Ferry","In Your Mind (Atlantic)","80","(9)","1977"
17,"Peter Gabriel","Peter Gabriel (Atco)","75","(6)","1977"
18,"The Kinks","Sleepwalker (Arista)","74","(8)","1977"
19,"Graham Parker & the Rumour","Stick to Me (Mercury)","72","(10)","1977"
20,"Neil Young","American Stars 'n Bars (Reprise)","69","(8)","1977"
21,"David Bowie","Heroes (RCA)","66","(7)","1977"
22,"The Persuasions","Chirpin' (Elektra)","63","(7)","1977"
23,"James Taylor","JT (Columbia)","61","(7)","1977"
24,"The Jam","In the City (Polydor)","61","(6)","1977"
25,"Ramones","Ramones Leave Home (Sire)","60","(8)","1977"
26,"The Beatles","The Beatles at the Hollywood Bowl (Capitol)","60","(7)","1977"
27,"Linda Ronstadt","Simple Dreams (Asylum)","59","(7)","1977"
28,"The Beach Boys","Love You (Brother/Reprise)","59","(6)","1977"
29,"Mink DeVille","Mink DeVille (Capitol)","57","(5)","1977"
30,"Kraftwerk","Trans-Europe Express (Capitol)","55","(4)","1977"
1,"Elvis Costello","This Year's Model (Columbia)","783","(58)","1978"
2,"The Rolling Stones","Some Girls (Rolling Stones)","616","(52)","1978"
3,"Nick Lowe","Pure Pop for Power People (Columbia)","328","(32)","1978"
4,"The Clash","Give 'Em Enough Rope (Epic)","328","(28)","1978"
5,"Talking Heads","More Songs About Buildings and Food (Sire)","317","(28)","1978"
6,"Bruce Springsteen","Darkness at the Edge of Town (Columbia)","284","(25)","1978"
7,"Ramones","Road to Ruin (Sire)","262","(24)","1978"
8,"Neil Young","Comes a Time (Reprise)","250","(25)","1978"
9,"The Cars","The Cars (Elektra)","223","(24)","1978"
10,"David Johansen","David Johansen (Blue Sky)","186","(17)","1978"
11,"Warren Zevon","Excitable Boy (Asylum)","182","(16)","1978"
12,"Brian Eno","Before and After Science (Island)","171","(16)","1978"
13,"Ian Dury","New Boots and Panties! (Stiff)","146","(15)","1978"
14,"Patti Smith Group","Easter (Arista)","144","(18)","1978"
15,"Captain Beefheart and His Magic Band","Shiny Beast (Bat Chain Puller) (Warner Bros.)","137","(14)","1978"
16,"Dave Edmunds","Tracks on Wax 4 (Swan Song)","111","(13)","1978"
17,"The Who","Who Are You (MCA)","110","(8)","1978"
18,"Television","Adventure (Elektra)","109","(13)","1978"
19,"Willie Nelson","Stardust (Columbia)","108","(11)","1978"
20,"Devo","Are We Not Men? We Are Devo! (Warner Bros.)","107","(12)","1978"
21,"Bob Dylan","Street Legal (Columbia)","101","(8)","1978"
22,"Cheap Trick","Heaven Tonight (Epic)","92","(11)","1978"
23,"Van Morrison","Wavelength (Warner Bros.)","90","(11)","1978"
24,"Lou Reed","Street Hassle (Arista)","89","(10)","1978"
25,"Blondie","Parallel Lines (Chrysalis)","88","(11)","1978"
26,"Pere Ubu","The Modern Dance (Blank)","81","(10)","1978"
27,"Funkadelic","One Nation Under a Groove (Warner Bros.)","73","(7)","1978"
28,"Wire","Pink Flag (Harvest)","70","(6)","1978"
29,"Generation X","Generation X (Chrysalis)","66","(7)","1978"
30,"Al Green","Truth 'n Time (Hi)","65","(9)","1978"
1,"Graham Parker","Squeezing Out Sparks (Arista)","767","(63)","1979"
2,"Neil Young","Rust Never Sleeps (Reprise)","652","(50)","1979"
3,"The Clash","The Clash (Epic)","638","(50)","1979"
4,"Talking Heads","Fear of Music (Sire)","620","(51)","1979"
5,"Elvis Costello","Armed Forces (Columbia)","619","(55)","1979"
6,"Van Morrison","Into the Music (Warner Bros.)","474","(41)","1979"
7,"The B-52s","The B-52s (Warner Bros.)","371","(37)","1979"
8,"Tom Petty & the Heartbreakers","Damn the Torpedoes (Backstreet/MCA)","340","(31)","1979"
9,"Pere Ubu","Dub Housing (Chrysalis)","334","(28)","1979"
10,"Donna Summer","Bad Girls (Casablanca)","330","(30)","1979"
11,"The Roches","The Roches (Warner Bros.)","292","(30)","1979"
12,"Dave Edmunds","Repeat When Necessary (Swan Song)","222","(21)","1979"
13,"Nick Lowe","Labour of Lust (Columbia)","201","(24)","1979"
14,"Tom Verlaine","Tom Verlaine (Elektra)","192","(22)","1979"
15,"Iggy Pop","New Values (Arista)","190","(20)","1979"
16,"Marianne Faithfull","Broken English (Island)","185","(20)","1979"
17,"Blondie","Eat to the Beat (Chrysalis)","184","(20)","1979"
18,"Michael Jackson","Off the Wall (Epic)","179","(16)","1979"
19,"Rickie Lee Jones","Rickie Lee Jones (Warner Bros.)","176","(20)","1979"
20,"Buzzcocks","Singles Going Steady (I.R.S.)","172","(18)","1979"
21,"Fleetwood Mac","Tusk (Warner Bros.)","160","(17)","1979"
22,"Neil Young with Crazy Horse","Live Rust (Reprise)","158","(15)","1979"
23,"Ry Cooder","Bop 'Til You Drop (Warner Bros.)","155","(18)","1979"
24,"David Johansen","In Style (Blue Sky)","136","(15)","1979"
25,"Lene Lovich","Stateless (Stiff/Epic)","125","(13)","1979"
26,"Linton Kwesi Johnson","Forces of Victory (Mango)","122","(13)","1979"
27,"Chic","Risque (Atlantic)","112","(11)","1979"
28,"Joe Jackson","Look Sharp! (A&M)","111","(11)","1979"
29,"Art Ensemble of Chicago","Nice Guys (ECM)","108","(10)","1979"
30,"Roxy Music","Manifesto (Atlantic)","107","(11)","1979"
31,"David Bowie","Lodger (RCA Victor)","104","(12)","1979"
32,"The Slits","Cut (Antilles)","99","(10)","1979"
33,"Philip Glass/Robert Wilson","Einstein on the Beach (Tomato)","98","(9)","1979"
34,"Bob Marley & the Wailers","Survival (Island)","94","(9)","1979"
35,"The Police","Regatta de Blanc (A&M)","92","(10)","1979"
36,"The Shoes","Present Tense (Elektra)","90","(12)","1979"
37,"The Jam","All Mod Cons (Polydor)","89","(9)","1979"
38,"Bob Dylan","Slow Train Coming (Columbia)","88","(11)","1979"
39,"Stevie Wonder","Stevie Wonder's Journey Through the Secret Life of Plants (Tamla)","88","(9)","1979"
40,"The Kinks","Low Budget (Arista)","85","(9)","1979"
1,"The Clash","London Calling (Epic)","1347","(89)","1980"
2,"Bruce Springsteen","The River (Columbia)","973","(80)","1980"
3,"Talking Heads","Remain in Light (Sire)","863","(77)","1980"
4,"Pretenders","Pretenders (Sire)","702","(68)","1980"
5,"Public Image Ltd.","Second Edition (Island)","625","(51)","1980"
6,"Captain Beefheart and His Magic Band","Doc at the Radar Station (Virgin)","594","(56)","1980"
7,"Elvis Costello & the Attractions","Get Happy!! (Columbia)","571","(53)","1980"
8,"Stevie Wonder","Hotter Than July (Tamla)","400","(35)","1980"
9,"Prince","Dirty Mind (Warner Bros.)","383","(38)","1980"
10,"Gang Of Four","Entertainment! (Warner Bros.)","383","(30)","1980"
11,"Peter Gabriel","Peter Gabriel (Mercury)","280","(31)","1980"
12,"Steely Dan","Gaucho (MCA)","268","(24)","1980"
13,"Michael Jackson","Off the Wall (Epic)","267","(24)","1980"
14,"Peter Townshend","Empty Glass (Atco)","251","(26)","1980"
15,"Rockpile","Seconds Of Pleasure (Columbia)","232","(28)","1980"
16,"X","Los Angeles (Slash)","229","(22)","1980"
17,"The Feelies","Crazy Rhythms (Stiff)","221","(19)","1980"
18,"Dire Straits","Making Movies (Warner Bros.)","209","(24)","1980"
19,"David Bowie","Scary Monsters (RCA Victor)","186","(19)","1980"
20,"The Rolling Stones","Emotional Rescue (Rolling Stones)","181","(19)","1980"
21,"The English Beat","I Just Can't Stop It (Sire)","178","(22)","1980"
22,"Joy Division","Closer (Factory import)","166","(13)","1980"
23,"Smokey Robinson","Warm Thoughts (Tamla)","165","(17)","1980"
24,"Squeeze","Argybargy (A&M)","153","(14)","1980"
25,"Young Marble Giants","Colossal Youth (Rough Trade import)","152","(15)","1980"
26,"T-Bone Burnett","Truth Decay (Takoma)","150","(15)","1980"
27,"Van Morrison","Common One (Warner Bros.)","148","(19)","1980"
28,"The Police","Zenyatta Mondatta (A&M)","146","(15)","1980"
29,"Lydia Lunch","Queen of Siam (ZE)","143","(12)","1980"
30,"Iron City Houserockers","Have a Good Time (But Get Out Alive) (MCA)","139","(14)","1980"
31,"Professor Longhair","Crawfish Fiesta (Alligator)","138","(15)","1980"
32,"The Specials","The Specials (Chrysalis)","125","(13)","1980"
33,"Neil Young","Hawks and Doves (Reprise)","125","(13)","1980"
34,"Arthur Blythe","Illusions (Columbia)","122","(15)","1980"
35,"Carlene Carter","Musical Shapes (Warner Bros.)","120","(15)","1980"
36,"Graham Parker","The Up Escalator (Arista)","116","(12)","1980"
37,"John Lennon/Yoko Ono","Double Fantasy (Geffen)","114","(12)","1980"
38,"Joan Armatrading","Me Myself I (A&M)","108","(10)","1980"
39,"Diana Ross","Diana (Motown)","106","(16)","1980"
40,"Pink Floyd","The Wall (Columbia)","103","(9)","1980"
1,"The Clash","Sandinista! (Epic)","862","(67)","1981"
2,"X","Wild Gift (Slash)","790","(64)","1981"
3,"Elvis Costello and the Attractions","Trust (Columbia)","784","(68)","1981"
4,"The Rolling Stones","Tattoo You (Rolling Stones)","649","(56)","1981"
5,"Rickie Lee Jones","Pirates (Warner Bros.)","461","(38)","1981"
6,"Squeeze","East Side Story (A&M)","412","(38)","1981"
7,"Tom Verlaine","Dreamtime (Warner Bros.)","410","(38)","1981"
8,"Prince","Controversy (Warner Bros.)","327","(30)","1981"
9,"Rick James","Street Songs (Gordy)","305","(28)","1981"
10,"Go-Go's","Beauty and the Beat (I.R.S.)","290","(32)","1981"
11,"Human Switchboard","Who's Landing in My Hangar? (Faulty Products)","273","(23)","1981"
12,"Kid Creole and the Coconuts","Fresh Fruit in Foreign Places (Sire/ZE)","249","(26)","1981"
13,"David Byrne","Songs From the Broadway Production of The Catherine Wheel (Sire)","247","(22)","1981"
14,"Black Uhuru","Red (Mango)","229","(27)","1981"
15,"Psychedelic Furs","Talk Talk Talk (Columbia)","229","(24)","1981"
16,"Neil Young & Crazy Horse","Re*ac*tor (Reprise)","210","(21)","1981"
17,"Romeo Void","It's a Condition (415)","208","(18)","1981"
18,"U2","Boy (Island)","205","(18)","1981"
19,"Neville Brothers","Fiyo on the Bayou (A&M)","204","(19)","1981"
20,"Was (Not Was)","Was (Not Was) (Island/ZE)","197","(20)","1981"
21,"Au Pairs","Playing With a Different Sex (Human)","191","(21)","1981"
22,"Tom Tom Club (Sire)","Tom Tom Club (Sire)","191","(17)","1981"
23,"The English Beat","Wha'ppen? (Sire)","184","(19)","1981"
24,"The Police","Ghost in the Machine (A&M)","169","(17)","1981"
25,"James Blood Ulmer","Free Lancing (Columbia)","168","(17)","1981"
26,"The dB's","Stands for Decibels (Albion import)","159","(11)","1981"
27,"David Lindley","El Rayo-X (Asylum)","158","(14)","1981"
28,"Joe Ely","Live Shots (MCA)","152","(19)","1981"
29,"Yoko Ono","Season of Glass (Geffen)","151","(13)","1981"
30,"The Blasters (Slash)","The Blasters (Slash)","140","(13)","1981"
31,"Grace Jones","Nightclubbing (Island)","130","(13)","1981"
32,"Luther Vandross","Never Too Much (Epic)","129","(12)","1981"
33,"Fela Anikulapo Kuti","Black President (Arista import)","116","(9)","1981"
34,"Joan Jett & the Blackhearts","Bad Reputation (Boardwalk)","115","(12)","1981"
35,"King Crimson","Discipline (Warner Bros./EG)","112","(11)","1981"
36,"Joan Armatrading","Walk Under Ladders (A&M)","109","(13)","1981"
37,"Lindsey Buckingham","Law and Order (Asylum)","109","(12)","1981"
38,"Marianne Faithfull","Dangerous Acquaintances (Island)","104","(12)","1981"
39,"U2","October (Island)","104","(10)","1981"
40,"The dB's","Repercussion (Albion import)","104","(9)","1981"
1,"Elvis Costello","Imperial Bedroom (Columbia)","1061","(87)","1982"
2,"Richard & Linda Thompson","Shoot Out the Lights (Hannibal)","946","(79)","1982"
3,"Bruce Springsteen","Nebraska (Columbia)","869","(67)","1982"
4,"King Sunny Adé & His African Beats","Juju Music (Mango)","745","(60)","1982"
5,"Lou Reed","The Blue Mask (RCA Victor)","679","(60)","1982"
6,"Prince","1999 (Warner Bros.)","655","(58)","1982"
7,"The English Beat","Special Beat Service (I.R.S.)","564","(57)","1982"
8,"Marvin Gaye","Midnight Love (Columbia)","528","(42)","1982"
9,"Marshall Crenshaw (Warner Bros.)","Marshall Crenshaw (Warner Bros.)","440","(42)","1982"
10,"X","Under the Big Black Sun (Elektra)","435","(40)","1982"
11,"Roxy Music","Avalon (Warner Bros.)","363","(32)","1982"
12,"Flipper","Album/Generic Flipper (Subterranean)","310","(31)","1982"
13,"Ornette Coleman","Of Human Feelings (Antilles)","309","(27)","1982"
14,"Donald Fagen","The Nightfly (Warner Bros.)","291","(29)","1982"
15,"Michael Jackson","Thriller (Epic)","288","(26)","1982"
16,"Laurie Anderson","Big Science (Warner Bros.)","286","(32)","1982"
17,"Joe Jackson","Night & Day (A&M)","272","(23)","1982"
18,"The Clash","Combat Rock (Epic)","264","(28)","1982"
19,"ABC","The Lexicon Of Love (Mercury)","256","(28)","1982"
20,"Gang Of Four","Songs Of the Free (Warner Bros.)","211","(18)","1982"
21,"Richard Hell and the Voidoids","Destiny Street (Red Star)","200","(23)","1982"
22,"Rank and File","Sundown (Slash)","192","(19)","1982"
23,"The dB's","Repercussion (Albion import)","187","(16)","1982"
24,"The Dream Syndicate","Days of Wine and Roses (Ruby)","177","(19)","1982"
25,"Fleshtones","Roman Gods (I.R.S.)","177","(17)","1982"
26,"Kid Creole and the Coconuts","Wise Guy (Sire/ZE)","169","(18)","1982"
27,"The Human League","Dare (A&M)","169","(18)","1982"
28,"Van Morrison","Beautiful Vision (Warner Bros.)","158","(18)","1982"
29,"George Clinton","Computer Games (Capitol)","158","(16)","1982"
30,"XTC","English Settlement (Epic)","156","(16)","1982"
31,"Mission of Burma","Vs. (Ace of Hearts)","152","(12)","1982"
32,"Warren Zevon","The Envoy (Asylum)","145","(17)","1982"
33,"Captain Beefheart and the Magic Band","Ice Cream for Crow (Epic)","132","(16)","1982"
34,"Paul McCartney","Tug of War (Columbia)","127","(14)","1982"
35,"The Roches","Keep on Doing (Warner Bros.)","120","(12)","1982"
36,"Aretha Franklin","Jump to It (Arista)","112","(11)","1982"
37,"Fleetwood Mac","Mirage (Warner Bros.)","104","(12)","1982"
38,"Ronald Shannon Jackson and the Decoding Society","Mandance (Antilles)","104","(11)","1982"
39,"Joni Mitchell","Wild Things Run Fast (Geffen)","101","(12)","1982"
40,"Ted Hawkins","Watch Your Step (Rounder)","101","(11)","1982"
41,"Squeeze","Sweets From a Stranger (A&M)","101","(11)","1982"
1,"Michael Jackson","Thriller (Epic)","1305","(100)","1983"
2,"REM","Murmur (I.R.S.)","986","(77)","1983"
3,"Talking Heads","Speaking in Tongues (Sire)","746","(67)","1983"
4,"X","More Fun in the New World (Elektra)","717","(65)","1983"
5,"The Police","Synchronicity (A&M)","470","(43)","1983"
6,"U2","War (Island)","372","(36)","1983"
7,"Lou Reed","Legendary Hearts (RCA Victor)","365","(31)","1983"
8,"Johnathan Richman & the Modern Lovers","Jonathan Sings! (Sire)","324","(33)","1983"
9,"Richard Thompson","Hand of Kindness (Hannibal)","310","(33)","1983"
10,"Bob Dylan","Infidels (Columbia)","282","(29)","1983"
11,"Elvis Costello","Punch the Clock (Columbia)","261","(26)","1983"
12,"Culture Club","Colour By Numbers (Epic)","257","(27)","1983"
13,"Randy Newman","Trouble in Paradise (Warner Bros.)","247","(26)","1983"
14,"George Clinton","Computer Games (Capitol)","241","(24)","1983"
15,"Big Country","The Crossing (Mercury)","238","(25)","1983"
16,"Jerry Lee Lewis","The Sun Sessions (Sun import)","238","(12)","1983"
17,"Aztec Camera","High Land, Hard Rain (Sire)","232","(22)","1983"
18,"T-Bone Burnett","Proof Through the Night (Warner Bros.)","230","(24)","1983"
19,"David Bowie","Let's Dance (EMI America)","221","(23)","1983"
20,"James Blood Ulmer","Odyssey (Columbia)","217","(17)","1983"
21,"Rolling Stones","Undercover (Rolling Stones)","211","(22)","1983"
22,"The Blasters","Non Fiction (Slash/Warner Bros.)","206","(21)","1983"
23,"New Order","Power, Corruption and Lies (Factus)","202","(23)","1983"
24,"Malcolm McLaren","Duck Rock (Island)","201","(20)","1983"
25,"Prince","1999 (Warner Bros.)","185","(19)","1983"
26,"Violent Femmes","Violent Femmes (Slash)","177","(18)","1983"
27,"Was (Not Was)","Born to Laugh at Tornadoes (Geffen)","172","(19)","1983"
28,"Graham Parker","The Real Macaw (Arista)","171","(17)","1983"
29,"Marshall Crenshaw","Field Day (Warner Bros.)","169","(18)","1983"
30,"The Replacements","Hootenanny (Twin/Tone)","158","(13)","1983"
31,"Eurythmics","Sweet Dreams (Are Made of This) (RCA Victor)","157","(15)","1983"
32,"Tom Waits","Swordfishtrombones (Island)","150","(15)","1983"
33,"Eddy Grant","Killer on the Rampage (Epic)","141","(13)","1983"
34,"Trio","Trio and Error (Mercury)","140","(16)","1983"
35,"Kid Creole and the Coconuts","Doppelganger (Sire)","124","(13)","1983"
36,"The Fleshtones","Hexbreaker (I.R.S.)","113","(9)","1983"
37,"Linda Ronstadt","What's New (Asylum)","112","(11)","1983"
38,"King Sunny Adé and His African Beats","Synchro System (Mango)","103","(9)","1983"
39,"Nile Rodgers","Adventures in the Land of the Good Groove (Mirage)","100","(12)","1983"
40,"Paul Simon","Hearts and Bones (Warner Bros.)","100","(11)","1983"
1,"Bruce Springsteen","Born in the U.S.A. (Columbia)","1757","(136)","1984"
2,"Prince and the Revolution","Purple Rain (Warner Bros.)","1687","(136)","1984"
3,"Los Lobos","How Will the Wolf Survive? (Slash)","1123","(102)","1984"
4,"The Replacements","Let It Be (Twin/Tone)","937","(76)","1984"
5,"Tina Turner","Private Dancer (Capitol)","808","(80)","1984"
6,"R.E.M.","Reckoning (I.R.S.)","793","(76)","1984"
7,"The Pretenders","Learning to Crawl (Sire)","702","(72)","1984"
8,"Hüsker Dü","Zen Arcade (SST)","658","(58)","1984"
9,"Lou Reed","New Sensations (RCA Victor)","586","(60)","1984"
10,"Run-D.M.C.","Run-D.M.C. (Profile)","523","(55)","1984"
11,"Cyndi Lauper","She's So Unusual (Portrait '83)","517","(50)","1984"
12,"Bangles","All Over the Place (Columbia)","458","(52)","1984"
13,"Ramones","Too Tough to Die (Sire)","405","(38)","1984"
14,"Minutemen","Double Nickels on the Dime (SST)","362","(35)","1984"
15,"The dB's","Like This (Bearsville)","350","(40)","1984"
16,"Womack & Womack","Love Wars (Elektra '83)","272","(28)","1984"
17,"Laurie Anderson","Mister Heartbreak (Warner Bros.)","267","(28)","1984"
18,"Rubén Blades y Seis del Solar","Buscando America (Elektra)","257","(20)","1984"
19,"Laurie Anderson","United States Live (Warner Bros.)","247","(14)","1984"
20,"Meat Puppets","Meat Puppets II (SST)","213","(26)","1984"
21,"Neville Brothers","Neville-ization (Black Top)","204","(21)","1984"
22,"The Smiths","The Smiths (Sire)","187","(14)","1984"
23,"Let's Active","Cypress (I.R.S.)","176","(18)","1984"
24,"Tom Verlaine","Cover (Warner Bros.)","156","(19)","1984"
25,"Van Halen","1984 (Warner Bros.)","156","(13)","1984"
26,"Del-Lords","Frontier Days (EMI America)","155","(20)","1984"
27,"Linton Kwesi Johnson","Making History (Island)","153","(14)","1984"
28,"George Clinton","You Shouldn't-Nuf Bit Fish (Capitol '83)","149","(16)","1984"
29,"U2","The Unforgettable Fire (Island)","149","(15)","1984"
30,"King Sunny Ade and His African Beats","Aura (Island)","149","(14)","1984"
31,"Talking Heads","Stop Making Sense (Sire)","148","(17)","1984"
32,"ZZ Top","Eliminator (Warner Bros.)","148","(14)","1984"
33,"Peter Wolf","Lights Out (EMI America)","135","(16)","1984"
34,"The Gospel at Colonus (Warner Bros.)","The Gospel at Colonus (Warner Bros.)","130","(15)","1984"
35,"Lyres","On Fyre (Ace of Hearts)","114","(12)","1984"
36,"The Everly Brothers","EB 84 (Mercury)","110","(12)","1984"
37,"P. Funk All-Stars","Urban Dancefloor Guerillas (CBS Associated/Uncle Jam '83)","110","(11)","1984"
38,"Del Fuegos","The Longest Day (Slash)","108","(12)","1984"
39,"The Special AKA","In the Studio (Chrysalis)","102","(10)","1984"
40,"Rickie Lee Jones","The Magazine (Warner Bros.)","101","(11)","1984"
1,"Talking Heads","Little Creatures (Sire)","1078","(99)","1985"
2,"The Replacements","Tim (Sire)","865","(82)","1985"
3,"John Cougar Mellencamp","Scarecrow (Riva)","637","(53)","1985"
4,"Tom Waits","Rain Dogs (Island)","607","(59)","1985"
5,"Artists United Against Apartheid","Sun City (Manhattan)","569","(43)","1985"
6,"Hüsker Dü","Flip Your Wig (SST)","535","(51)","1985"
7,"R.E.M.","Fables of the Reconstruction (I.R.S.)","526","(52)","1985"
8,"Hüsker Dü","New Day Rising (SST)","457","(43)","1985"
9,"Aretha Franklin","Who's Zoomin' Who? (Arista)","407","(41)","1985"
10,"John Fogerty","Centerfield (Warner Bros.)","392","(37)","1985"
11,"Sam Cooke","Live at the Harlem Square Club (RCA Victor)","391","(34)","1985"
12,"The Velvet Underground","VU (Verve)","370","(31)","1985"
13,"Richard Thompson","Across a Crowded Room (Polydor)","321","(13)","1985"
14,"Sade","Diamond Life (Portrait)","283","(30)","1985"
15,"Go Go Crankin' (4th & B'Way)","Go Go Crankin' (4th & B'Way)","264","(29)","1985"
16,"Bob Dylan","Biograph (Columbia)","263","(22)","1985"
17,"Lost in the Stars","the Music of Kurt Weill (A&M)","252","(22)","1985"
18,"Kate Bush","Hounds of Love (EMI America)","236","(24)","1985"
19,"The Blasters","Hard Line (Slash)","235","(25)","1985"
20,"Dire Straits","Brothers in Arms (Warner Bros.)","223","(23)","1985"
21,"Sting","The Dream of the Blue Turtles (A&M)","223","(22)","1985"
22,"Jason and the Nashville Scorchers","Lost and Found (EMI America)","212","(23)","1985"
23,"Meat Puppets","Up on the Sun (SST)","186","(20)","1985"
24,"Lone Justice","Lone Justice (Geffen)","186","(17)","1985"
25,"The Jesus and Mary Chain","Psychocandy (Blanco y Negro import)","175","(15)","1985"
26,"The Mekons","Fear and Whiskey (Sin import)","168","(16)","1985"
27,"The Golden Palominos","Visions of Excess (Celluloid)","165","(16)","1985"
28,"Prefab Sprout","Two Wheels Good (Epic)","162","(17)","1985"
29,"Don Henley","Building the Perfect Beast (Geffen)","161","(14)","1985"
30,"Luther Vandross","The Night I Fell in Love (Epic)","161","(13)","1985"
31,"Bryan Ferry","Boys and Girls (Warner Bros.)","154","(14)","1985"
32,"Run-D.M.C.","King of Rock (Profile)","151","(15)","1985"
33,"Robyn Hitchcock and the Egyptians","Fegmania (Slash)","150","(18)","1985"
34,"Ruben Blades y Seis del Solar","Escenas (Elektra)","149","(15)","1985"
35,"Marshall Crenshaw","Downtown (Warner Bros.)","148","(16)","1985"
36,"Professor Longhair","Rock 'n' Roll Gumbo (Dancing Cat)","134","(13)","1985"
37,"L.L. Cool J","Radio (Def Jam)","132","(12)","1985"
38,"Marti Jones","Unsophisticated Time (A&M)","131","(15)","1985"
39,"Suzanne Vega","Suzanne Vega (A&M)","130","(14)","1985"
40,"The Minutemen","3-Way Tie (For Last) (SST)","130","(11)","1985"
1,"Paul Simon","Graceland (Warner Bros.)","1131","(96)","1986"
2,"The Costello Show (Featuring Elvis Costello)","King Of America (Columbia)","746","(59)","1986"
3,"The Robert Cray Band","Strong Persuader (Mercury)","592","(57)","1986"
4,"Bruce Springsteen and the E-Street Band","Live 1975/85 (Columbia)","540","(48)","1986"
5,"Run-D.M.C.","Raising Hell (Profile)","537","(54)","1986"
6,"Beastie Boys","Licensed To Ill (Def Jam)","517","(43)","1986"
7,"Peter Gabriel","So (Geffen)","459","(45)","1986"
8,"R.E.M.","Life's Rich Pageant (I.R.S.)","433","(45)","1986"
9,"Elvis Costello & the Attractions","Blood and Chocolate (Columbia)","419","(38)","1986"
10,"The Indestructible Beat Of Soweto (Shanachie)","The Indestructible Beat Of Soweto (Shanachie)","419","(36)","1986"
11,"Janet Jackson","Control (A&M)","373","(31)","1986"
12,"Hüsker Dü","Candy Apple Grey (Warner Bros.)","372","(40)","1986"
13,"Steve Earle","Guitar Town (MCA)","330","(33)","1986"
14,"The Jesus and Mary Chain","Psychocandy (Reprise)","308","(26)","1986"
15,"Mekons","The Edge of the World (Sin import)","303","(26)","1986"
16,"Peter Case","Peter Case (Geffen)","287","(28)","1986"
17,"Billy Bragg","Talking With the Taxman About Poetry (Elektra)","276","(23)","1986"
18,"The Pogues","Rum Sodomy & the Lash (MCA)","269","(23)","1986"
19,"Pat Metheny/Ornette Coleman","Song X (Geffen)","248","(22)","1986"
20,"The Feelies","The Good Earth (Coyote)","242","(26)","1986"
21,"Bodeans","Love and Hope and Sex and Dreams (Slash)","232","(22)","1986"
22,"Minutemen","3-Way Tie (For Last) (SST)","231","(22)","1986"
23,"Anita Baker","Rapture (Elektra)","225","(23)","1986"
24,"Throwing Muses","Throwing Muses (4AD import)","209","(20)","1986"
25,"Prince & the Revolution","Parade (Paisley Park)","208","(22)","1986"
26,"The Smithereens","Especially for You (Enigma)","204","(18)","1986"
27,"T Bone Burnett","T-Bone Burnett (Dot)","193","(19)","1986"
28,"Talking Heads","True Stories (Sire)","187","(20)","1986"
29,"Sonic Youth","Evol (SST)","186","(20)","1986"
30,"The Smiths","The Queen Is Dead (Sire)","183","(18)","1986"
31,"Richard Thompson","Daring Adventures (Polydor)","175","(21)","1986"
32,"David & David","Boomtown (A&M)","172","(19)","1986"
33,"XTC","Skylarking (Geffen)","165","(10)","1986"
34,"Timbuk 3","Greetings From Timbuk 3 (I.R.S.)","159","(16)","1986"
35,"Bad Brains","I Against I (SST)","145","(11)","1986"
36,"The Screaming Blue Messiahs","Gun-Shy (Elektra)","124","(11)","1986"
37,"Robyn Hitchcock and the Egyptians","Element of Light (Relativity)","117","(14)","1986"
38,"Crowded House","Crowded House (Capitol)","111","(11)","1986"
39,"Dwight Yoakam","Guitars, Cadillacs, Etc., Etc. (Reprise)","106","(11)","1986"
40,"That Petrol Emotion","Manic Pop Thrill (Demon import)","104","(11)","1986"
1,"Prince","Sign O the Times (Paisley Park)","1491","(118)","1987"
2,"Bruce Springsteen","Tunnel of Love (Columbia)","912","(81)","1987"
3,"The Replacements","Pleased To Meet Me (Sire)","846","(74)","1987"
4,"U2","The Joshua Tree (Island)","698","(56)","1987"
5,"John Hiatt","Bring the Family (A&M)","694","(59)","1987"
6,"Los Lobos","By the Light of the Moon (Slash)","483","(51)","1987"
7,"John Cougar Mellencamp","The Lonesome Jubilee (Mercury)","462","(44)","1987"
8,"R.E.M.","Document (I.R.S.)","420","(45)","1987"
9,"XTC","Skylarking (Geffen)","390","(28)","1987"
10,"Hüsker Dü","Warehouse","350","(32)","1987"
11,"Ornette Coleman","In All Languages (Caravan of Dreams)","341","(29)","1987"
12,"Sonic Youth","Sister (SST)","313","(30)","1987"
13,"Robbie Robertson","Robbie Robertson (Geffen)","311","(30)","1987"
14,"Public Enemy","Yo! Bum Rush the Show (Def Jam)","284","(25)","1987"
15,"Tom Waits","Frank's Wild Years (Island)","278","(30)","1987"
16,"Marianne Faithfull","Strange Weather (Island)","263","(28)","1987"
17,"Terence Trent D'Arby","Introducing the Hardline According to Terence Trent D'Arby (Columbia)","214","(21)","1987"
18,"Stevie Wonder","Characters (Motown)","199","(21)","1987"
19,"Alexander O'Neal","Hearsay (Tabu)","198","(17)","1987"
20,"The Jesus & Mary Chain","Darklands (Warner Bros.)","197","(22)","1987"
21,"Van Morrison","Poetic Champions Compose (Mercury)","184","(14)","1987"
22,"Pet Shop Boys","Pet Shop Boys, Actually (EMI-Manhattan)","159","(12)","1987"
23,"Rosanne Cash","King's Record Shop (Columbia)","156","(16)","1987"
24,"The dB's","The Sound of Music (I.R.S.)","153","(16)","1987"
25,"Sly and Robbie","Rhythm Killers (Island)","151","(16)","1987"
26,"Chris Isaak","Chris Isaak (Warner Bros.)","148","(17)","1987"
27,"Eric B. & Rakim","Paid in Full (4th & B'way)","136","(14)","1987"
28,"That Petrol Emotion","Babble (Polydor)","136","(14)","1987"
29,"10,000 Maniacs","In My Tribe (Elektra)","131","(15)","1987"
30,"French, Frith, Kaiser, Thompson","Live, Love, Larf and Loaf (Rhino)","127","(9)","1987"
31,"Phil Alvin","Romeo's Escape (Epic)","125","(13)","1987"
32,"George Michael","Faith (Columbia)","125","(13)","1987"
33,"Sinéad O'Connor","The Lion and the Cobra (Chrysalis)","120","(13)","1987"
34,"L.L. Cool J","Bigger and Deffer (Def Jam)","119","(13)","1987"
35,"The Million Dollar Quartet","The Million Dollar Quartet (S import/Million Dollar import)","114","(8)","1987"
36,"Sting",". . . Nothing Like the Sun (A&M)","105","(11)","1987"
37,"The Smiths","Strangeways, Here We Come (Sire)","104","(10)","1987"
38,"The Smiths","Louder Than Bombs (Sire)","101","(8)","1987"
39,"Tom Verlaine","Flash Light (I.R.S.)","96","(12)","1987"
40,"Warren Zevon","Sentimental Hygiene (Virgin)","95","(12)","1987"
1,"Public Enemy","It Takes a Nation of Millions to Hold Us Back (Def Jam)","1011","(79)","1988"
2,"Sonic Youth","Daydream Nation (Blast First/Enigma)","716","(58)","1988"
3,"Tracy Chapman","Tracy Chapman (Elektra)","685","(59)","1988"
4,"Midnight Oil","Diesel and Dust (Columbia)","308","(27)","1988"
5,"Michelle Shocked","Short Sharp Shocked (Mercury)","296","(31)","1988"
6,"Was (Not Was)","What Up, Dog? (Chrysalis)","273","(23)","1988"
7,"Pere Ubu","The Tenement Year (Enigma)","264","(26)","1988"
8,"Keith Richards","Talk Is Cheap (Virgin)","264","(25)","1988"
9,"Traveling Wilburys","Volume One (Wilbury)","263","(26)","1988"
10,"Randy Newman","Land of Dreams (Warner Bros.)","261","(25)","1988"
11,"Leonard Cohen","I'm Your Man (Columbia)","254","(23)","1988"
12,"Brian Wilson","Brian Wilson (Sire)","248","(24)","1988"
13,"Ornette Coleman and Prime Time","Virgin Beauty (Portrait)","234","(21)","1988"
14,"Richard Thompson","Amnesia (Capitol)","219","(22)","1988"
15,"Cowboy Junkies","The Trinity Sessions (RCA)","217","(20)","1988"
16,"Lucinda Williams","Lucinda Williams (Rough Trade)","214","(20)","1988"
17,"Prince","Lovesexy (Paisley Park)","211","(26)","1988"
18,"John Hiatt","Slow Turning (A&M)","209","(21)","1988"
19,"Womack & Womack","Conscience (Island)","207","(19)","1988"
20,"Prince","The Black Album (bootleg)","203","(21)","1988"
21,"U2","Rattle and Hum (Island)","203","(15)","1988"
22,"George Michael","Faith (Columbia)","199","(17)","1988"
23,"Living Colour","Vivid (Epic)","196","(19)","1988"
24,"Talking Heads","Naked (Fly/Sire)","193","(22)","1988"
25,"Graham Parker","The Mona Lisa's Sister (RCA)","191","(20)","1988"
26,"Guns N' Roses","Appetite for Destruction (Geffen)","190","(14)","1988"
27,"The Feelies","Only Life (A&M)","185","(19)","1988"
28,"Stay Awake","Various Interpretations of Music from Vintage Disney Films (A&M)","184","(17)","1988"
29,"Van Morrison & the Chieftains","Irish Heartbeat (Mercury)","180","(16)","1988"
30,"Camper Van Beethoven","Our Beloved Revolutionary Sweetheart (Virgin)","168","(18)","1988"
31,"Patti Smith","Dream of Life (Arista)","162","(18)","1988"
32,"Pet Shop Boys","Introspective (EMI-Manhattan)","149","(15)","1988"
33,"Lyle Lovett","Pontiac (Curb)","136","(14)","1988"
34,"Jane's Addiction","Nothing's Shocking (Warner Bros.)","131","(13)","1988"
35,"R.E.M.","Green (Warner Bros.)","129","(14)","1988"
36,"The Sugarcubes","Life's Too Good (Elektra)","129","(14)","1988"
37,"K. D. Lang","Shadowland (Sire)","124","(14)","1988"
38,"The Robert Cray Band","Don't Be Afraid of the Dark (Mercury)","124","(11)","1988"
39,"Metallica",". . . And Justice for All (Elektra)","117","(12)","1988"
40,"Ambitious Lovers","Greed (Virgin)","115","(12)","1988"
1,"De La Soul","3 Feet High and Rising (Tommy Boy)","1050","(89)","1989"
2,"Neil Young","Freedom (Reprise)","790","(68)","1989"
3,"Lou Reed","New York (Sire)","754","(65)","1989"
4,"The Neville Brothers","Yellow Moon (A&M)","621","(57)","1989"
5,"Neneh Cherry","Raw Like Sushi (Virgin)","594","(57)","1989"
6,"N.W.A.","Straight Outta Compton (Ruthless)","594","(44)","1989"
7,"Elvis Costello","Spike (Warner Bros.)","521","(47)","1989"
8,"The Mekons","The Mekons Rock 'n Roll (A&M)","501","(45)","1989"
9,"Soul II Soul","Keep On Movin' (Virgin)","460","(39)","1989"
10,"Pixies","Doolittle (4AD/Elektra)","416","(38)","1989"
11,"Tom Petty","Full Moon Fever (MCA)","381","(35)","1989"
12,"Beastie Boys","Paul's Boutique (Capitol)","347","(32)","1989"
13,"Fine Young Cannibals","The Raw and The Cooked (I.R.S.)","332","(36)","1989"
14,"Bob Mould","Workbook (Virgin)","311","(26)","1989"
15,"Bob Dylan","Oh Mercy (Columbia)","295","(31)","1989"
16,"The Replacements","Don't Tell a Soul (Sire)","290","(24)","1989"
17,"Pere Ubu","Cloudland (Fontana)","283","(24)","1989"
18,"Madonna","Like A Prayer (Sire)","235","(22)","1989"
19,"Bonnie Raitt","Nick of Time (Capitol)","225","(24)","1989"
20,"Boogie Down Productions","Ghetto Music","203","(19)","1989"
21,"XTC","Oranges and Lemons (Geffen)","203","(18)","1989"
22,"Jungle Brothers","Done By the Forces of Nature (Warner Bros.)","201","(21)","1989"
23,"Queen Latifah","All Hail the Queen (Tommy Boy)","173","(18)","1989"
24,"Roy Orbison","Mystery Girl (Virgin)","152","(15)","1989"
25,"Terence Trent D'Arby","Neither Fish Nor Flesh (Columbia)","142","(15)","1989"
26,"Kate Bush","The Sensual World (Columbia)","141","(15)","1989"
27,"Caetano Veloso","Estrangeiro (Elektra/Musician)","139","(12)","1989"
28,"Lyle Lovett","Lyle Lovett and His Large Band (MCA)","138","(10)","1989"
29,"Rolling Stones","Steel Wheels (Rolling Stones)","137","(16)","1989"
30,"Janet Jackson","Rhythm Nation 1814 (A&M)","137","(15)","1989"
31,"Galaxie 500","On Fire (Rough Trade)","136","(16)","1989"
32,"Batman (Warner Bros.)","Batman (Warner Bros.)","124","(14)","1989"
33,"The Jesus and Mary Chain","Automatic (Warner Bros.)","123","(14)","1989"
34,"Aerosmith","Pump (Geffen)","122","(14)","1989"
35,"Don Henley","The End of Innocence (Geffen)","121","(10)","1989"
36,"Daniel Lanois","Acadie (Opal/Warner Bros.)","120","(13)","1989"
37,"Tracy Chapman","Crossroads (Elektra)","118","(11)","1989"
38,"Quincy Jones","Back on the Block (Qwest)","113","(10)","1989"
39,"The Cure","Disintegration (Elektra)","107","(12)","1989"
40,"NRBQ","Wild Weekend (Virgin)","107","(10)","1989"
1,"Neil Young","Ragged Glory (Reprise)","1282","(104)","1990"
2,"Sinéad O'Connor","I Do Not Want What I Haven't Got (Chrysalis)","1070","(87)","1990"
3,"Public Enemy","Fear of a Black Planet (Def Jam)","1026","(82)","1990"
4,"Sonic Youth","Goo (DGC)","659","(63)","1990"
5,"Living Colour","Time's Up (Epic)","606","(51)","1990"
6,"Ice Cube","AmeriKKKa's Most Wanted (Priority)","533","(45)","1990"
7,"Paul Simon","The Rhythm of the Saints (Warner Bros.)","486","(42)","1990"
8,"Rosanne Cash","Interiors (Columbia)","461","(42)","1990"
9,"L.L. Cool J","Mama Said Knock You Out (Def Jam)","457","(40)","1990"
10,"Prince","Graffiti Bridge (Paisley Park)","417","(43)","1990"
11,"Replacements","All Shook Down (Sire/Reprise)","366","(36)","1990"
12,"The Chills","Submarine Bells (Slash/Warner Bros.)","349","(25)","1990"
13,"Deee-Lite","World Clique (Elektra)","327","(36)","1990"
14,"Queen Latifah","All Hail the Queen (Tommy Boy)","278","(29)","1990"
15,"World Party","Goodbye Jumbo (Chrysalis)","259","(23)","1990"
16,"Red Hot and Blue (Chrysalis)","Red Hot and Blue (Chrysalis)","255","(23)","1990"
17,"Lou Reed/John Cale","Songs for Drella (Sire/Warner Bros.)","249","(24)","1990"
18,"A Tribe Called Quest","People's Instinctive Travels and the Paths of Rhythm (Jive)","247","(27)","1990"
19,"Yo La Tengo","Fakebook (Restless/Bar/None)","242","(25)","1990"
20,"Digital Underground","Sex Packets (Tommy Boy)","229","(27)","1990"
21,"Los Lobos","The Neighborhood (Slash/Warner Bros.)","234","(23)","1990"
22,"Lisa Stansfield","Affection (Arista)","218","(22)","1990"
23,"The Carl Stalling Project (Warner Bros.)","The Carl Stalling Project (Warner Bros.)","202","(22)","1990"
24,"Jane's Addiction","Ritual de lo Habitual (Warner Bros.)","198","(19)","1990"
25,"Youssou N'Dour","Set (Virgin)","188","(20)","1990"
26,"Iggy Pop","Brick by Brick (Virgin)","188","(19)","1990"
27,"Faith No More","The Real Thing (Slash/Warner Bros.)","186","(14)","1990"
28,"Van Morrison","Enlightenment (Mercury)","182","(18)","1990"
29,"Pixies","Bossanova (4AD/Elektra)","168","(18)","1990"
30,"The Neville Brothers","Brother's Keeper (A&M)","164","(17)","1990"
31,"The Black Crowes","Shake Your Money Maker (Def American)","160","(14)","1990"
32,"Robin Holcomb","Robin Holcomb (Elektra Musician)","159","(11)","1990"
33,"3rd Bass","The Cactus Album (Def Jam)","150","(16)","1990"
34,"Guy","The Future (MCA)","149","(15)","1990"
35,"Pet Shop Boys","Behaviour (EMI)","141","(13)","1990"
36,"Was (Not Was)","Are You Okay? (Chrysalis)","139","(17)","1990"
37,"Texas Tornados","Texas Tornados (Reprise)","139","(14)","1990"
38,"Eno/Cale","Wrong Way Up (Opal/Warner Bros.)","138","(16)","1990"
39,"Bob Dylan","Under the Red Sky (Columbia)","133","(10)","1990"
40,"Midnight Oil","Blue Sky Mining (Columbia)","129","(13)","1990"
1,"Nirvana","Nevermind (DGC)","1699","(134)","1991"
2,"Public Enemy","Apocalypse '91","923","(86)","1991"
3,"R.E.M.","Out of Time (Warner Bros.)","879","(80)","1991"
4,"U2","Achtung Baby (Island)","651","(58)","1991"
5,"P.M. Dawn","Of the Heart, of the Soul and of the Cross","637","(56)","1991"
6,"Richard Thompson","Rumour and Sigh (Capitol)","466","(42)","1991"
7,"Matthew Sweet","Girlfriend (Zoo)","383","(34)","1991"
8,"Metallica","Metallica (Elektra)","374","(39)","1991"
9,"Chris Whitley","Living With the Law (Columbia)","344","(31)","1991"
10,"Mekons","Curse of the Mekons (Blast First import)","344","(29)","1991"
11,"Guns N' Roses","Use Your Illusion II (Geffen)","339","(27)","1991"
12,"Ice-T","O.G.","337","(33)","1991"
13,"Jimmie Dale Gilmore","After Awhile (Nonesuch)","335","(36)","1991"
14,"My Bloody Valentine","Loveless (Sire/Warner Bros.)","327","(30)","1991"
15,"Sonny Sharrock","Ask the Ages (Axiom)","322","(28)","1991"
16,"Ice Cube","Death Certificate (Priority)","315","(22)","1991"
17,"Neil Young","Arc/Weld (Reprise)","311","(29)","1991"
18,"Pixies","Trompe le Monde (Elektra)","308","(26)","1991"
19,"Seal","Seal (Sire/Warner Bros.)","275","(25)","1991"
20,"Guns N' Roses","Use Your Illusion I (Geffen)","264","(26)","1991"
21,"Van Morrison","Hymns to the Silence (Polydor)","243","(24)","1991"
22,"Bob Dylan","The Bootleg Series Volumes 1-3","242","(20)","1991"
23,"John Prine","The Missing Years (Oh Boy)","241","(29)","1991"
24,"Bonnie Raitt","Luck of the Draw (Capitol)","232","(27)","1991"
25,"Massive Attack","Blue Lines (Virgin)","231","(22)","1991"
26,"Robbie Robertson","Storyville (Geffen)","219","(22)","1991"
27,"American Music Club","Everclear (Alias)","219","(21)","1991"
28,"Cypress Hill","Cypress Hill (Ruffhouse/Columbia)","219","(21)","1991"
29,"Billy Bragg","Don't Try This at Home (Elektra)","216","(22)","1991"
30,"De La Soul","De La Soul Is Dead (Tommy Boy)","204","(20)","1991"
31,"Teenage Fanclub","Bandwagonesque (DGC)","194","(22)","1991"
32,"A Tribe Called Quest","The Low End Theory (Jive)","186","(19)","1991"
33,"Linton Kwesi Johnson","Tings an' Times (Shanachie)","179","(14)","1991"
34,"Sam Phillips","Cruel Inventions (Virgin)","178","(17)","1991"
35,"Dave Alvin","Blue Blvd (HighTone)","171","(16)","1991"
36,"Prince and the New Power Generation","Diamonds and Pearls (Paisley Park/Warner Bros.)","168","(18)","1991"
37,"Dinosaur Jr.","Green Mind (Sire/Warner Bros.)","166","(15)","1991"
38,"Robyn Hitchcock and the Egyptians","Perspex Island (A&M)","149","(14)","1991"
39,"Marshall Crenshaw","Life's Too Short (Paradox/MCA)","134","(15)","1991"
40,"Kirsty MacColl","Electric Landlady (Charisma)","134","(11)","1991"
1,"Arrested Development","3 Years, 5 Months and 2 Days in the Life of . . . (Chrysalis)","1050","(97)","1992"
2,"Pavement","Slanted and Enchanted (Matador)","733","(50)","1992"
3,"R.E.M.","Automatic for the People (Warner Bros.)","710","(62)","1992"
4,"PJ Harvey","Dry (Indigo)","649","(62)","1992"
5,"Beastie Boys","Check Your Head (Capitol)","618","(52)","1992"
6,"Los Lobos","Kiko (Slash/Warner Bros.)","603","(50)","1992"
7,"Sugar","Copper Blue (Rykodisc)","474","(49)","1992"
8,"Sonic Youth","Dirty (DGC)","439","(40)","1992"
9,"Tom Waits","Bone Machine (Island)","369","(35)","1992"
10,"Basehead","Play With Toys (Imago)","354","(27)","1992"
11,"Lucinda Williams","Sweet Old World (Chameleon)","342","(30)","1992"
12,"K.D. Lang","Ingénue (Sire/Warner Bros.)","338","(34)","1992"
13,"Neneh Cherry","Homebrew (Virgin)","299","(31)","1992"
14,"Prince and the New Power Generation","Prince XV (Paisley Park/Warner Bros.)","298","(26)","1992"
15,"The Jayhawks","Hollywood Town Hall (Def American)","268","(25)","1992"
16,"Lou Reed","Magic and Loss (Sire/Warner Bros.)","240","(23)","1992"
17,"Bruce Springsteen","Lucky Town (Columbia)","230","(19)","1992"
18,"Neil Young","Harvest Moon (Reprise)","225","(26)","1992"
19,"The Disposable Heroes of Hiphoprisy","Hypocrisy Is the Greatest Luxury (4th & B'way)","202","(22)","1992"
20,"Soul Asylum","Grave Dancers Union (Columbia)","197","(19)","1992"
21,"En Vogue","Funky Divas (EastWest)","187","(18)","1992"
22,"Madonna","Erotica (Maverick/Reprise)","187","(17)","1992"
23,"Chris Bell","I Am the Cosmos (Rykodisc)","181","(19)","1992"
24,"Lyle Lovett","Joshua Judges Ruth (Curb/MCA)","177","(19)","1992"
25,"Television","Television (Capitol)","162","(18)","1992"
26,"Faith No More","Angel Dust (Slash/Warner Bros.)","159","(13)","1992"
27,"Leonard Cohen","The Future (Columbia)","153","(15)","1992"
28,"Freedy Johnston","Can You Fly (Bar/None)","143","(14)","1992"
29,"Morrissey","Your Arsenal (Sire)","143","(13)","1992"
30,"Mary J. Blige","What's the 411? (MCA/Uptown)","141","(17)","1992"
31,"Body Count","Body Count (Sire/Warner Bros.)","139","(11)","1992"
32,"L7","Bricks Are Heavy (Slash)","138","(16)","1992"
33,"Lindsey Buckingham","Out of the Cradle (Warner Bros.)","138","(14)","1992"
34,"Pearl Jam","10 (Epic Associated)","132","(14)","1992"
35,"Unrest","Imperial ffrr (TeenBeat)","128","(14)","1992"
36,"Tori Amos","Little Earthquakes (Atco)","127","(13)","1992"
37,"The Black Crowes","The Southern Harmony and Musical Companion (Def American)","121","(10)","1992"
38,"The Roches","A Dove (MCA)","121","(9)","1992"
39,"John Trudell","AKA Graffiti Man (Rykodisc)","120","(11)","1992"
40,"Ice Cube","The Predator (Priority)","117","(11)","1992"
1,"Liz Phair","Exile in Guyville (Matador)","1383","(108)","1993"
2,"Nirvana","In Utero (DGC)","1106","(91)","1993"
3,"PJ Harvey","Rid of Me (Island)","708","(63)","1993"
4,"The Breeders","Last Splash (4AD/Elektra)","607","(59)","1993"
5,"Pet Shop Boys","Very (EMI)","538","(34)","1993"
6,"Dr. Dre","The Chronic (Interscope)","524","(47)","1993"
7,"Jimmie Dale Gilmore","Spinning Around the Sun (Elektra)","427","(39)","1993"
8,"De La Soul","Buhloone Mindstate (Tommy Boy)","396","(35)","1993"
9,"U2","Zooropa (Island)","390","(41)","1993"
10,"Digable Planets","Reachin' (A New Refutation of Time and Space) (Pendulum)","358","(43)","1993"
11,"Smashing Pumpkins","Siamese Dream (Virgin)","330","(32)","1993"
12,"P.M. Dawn","The Bliss Album . . . ? (Gee Street)","325","(29)","1993"
13,"Paul Westerberg","14 Songs (Sire/Reprise)","299","(36)","1993"
14,"Pearl Jam","Vs. (Epic Associated)","298","(32)","1993"
15,"Bettie Serveert","Palomine (Matador)","289","(26)","1993"
16,"Urge Overkill","Saturation (Geffen)","275","(29)","1993"
17,"The Afghan Whigs","Gentlemen (Elektra)","260","(24)","1993"
18,"American Music Club","Mercury (Reprise)","255","(24)","1993"
19,"Tony Toni Toné","Sons of Soul (Wing)","254","(23)","1993"
20,"Yo La Tengo","Painful (Matador)","243","(24)","1993"
21,"A Tribe Called Quest","Midnight Marauders (Jive)","231","(20)","1993"
22,"Willie Nelson","Across the Borderline (Columbia)","215","(20)","1993"
23,"Bob Dylan","World Gone Wrong (Columbia)","209","(24)","1993"
24,"Stereolab","Transient Random-Noise Bursts With Announcements (Elektra)","204","(19)","1993"
25,"Jane Siberry","When I Was a Boy (Reprise)","193","(17)","1993"
26,"Dwight Yoakam","This Time (Reprise)","192","(26)","1993"
27,"Me'Shell NdegéOcello","Plantation Lullabies (Maverick/Sire/Reprise)","188","(19)","1993"
28,"Uncle Tupelo","Anodyne (Sire/Reprise)","186","(18)","1993"
29,"Cypress Hill","Black Sunday (Ruffhouse/Columbia)","184","(18)","1993"
30,"Terence Trent D'Arby","Symphony or Damn (Columbia)","182","(21)","1993"
31,"Sade","Love Deluxe (Epic)","181","(19)","1993"
32,"Arthur Alexander","Lonely Just Like Me (Elektra Nonesuch/American Explorer Series)","178","(17)","1993"
33,"Aimee Mann","Whatever (Imago)","175","(18)","1993"
34,"Cassandra Wilson","Blue Light 'Til Dawn (Blue Note)","170","(15)","1993"
35,"PJ Harvey","4-Track Demos (Island)","169","(16)","1993"
36,"Rosanne Cash","The Wheel (Columbia)","167","(15)","1993"
37,"Belly","Star (Sire/Reprise)","165","(16)","1993"
38,"John Hiatt","Perfectly Good Guitar (A&M)","162","(15)","1993"
39,"Shaver","Tramp on Your Street (Zoo/Praxis International)","162","(15)","1993"
40,"Dinosaur Jr.","Where You Been (Sire/Warner Bros.)","157","(19)","1993"
1,"Hole","Live Through This (DGC)","1552","(121)","1994"
2,"Pavement","Crooked Rain, Crooked Rain (Matador)","859","(77)","1994"
3,"R.E.M.","Monster (Warner Bros.)","634","(66)","1994"
4,"Nirvana","MTV Unplugged in New York (DGC)","552","(50)","1994"
5,"Neil Young & Crazy Horse","Sleeps With Angels (Reprise)","520","(49)","1994"
6,"Liz Phair","Whip-Smart (Matador)","499","(44)","1994"
7,"Johnny Cash","American Recordings (American)","482","(47)","1994"
8,"Guided by Voices","Bee Thousand (Scat)","464","(41)","1994"
9,"Nine Inch Nails","The Downward Spiral (Nothing/TVT/Interscope)","460","(43)","1994"
10,"Beck","Mellow Gold (DGC)","450","(44)","1994"
11,"Soundgarden","Superunknown (A&M)","411","(37)","1994"
12,"Green Day","Dookie (Reprise)","368","(35)","1994"
13,"Freedy Johnston","This Perfect World (Elektra)","359","(37)","1994"
14,"Portishead","Dummy (Go Discs/London)","351","(36)","1994"
15,"Beastie Boys","Ill Communication (Grand Royal)","318","(35)","1994"
16,"The Jon Spencer Blues Explosion","Orange (Matador)","274","(25)","1994"
17,"Victoria Williams","Loose (Mammoth)","265","(27)","1994"
18,"Iris DeMent","My Life (Warner Bros.)","263","(24)","1994"
19,"Sam Phillips","Martinis and Bikinis (Virgin)","248","(23)","1994"
20,"Sebadoh","Bakesale (Sub Pop)","241","(25)","1994"
21,"Sugar","File Under","229","(21)","1994"
22,"Warren G","Regulate . . . G Funk Era (Violator/RAL)","214","(22)","1994"
23,"Jeff Buckley","Grace (Columbia)","211","(21)","1994"
24,"Kristin Hersh","Hips and Makers (Sire/Reprise)","193","(16)","1994"
25,"Pearl Jam","Vitalogy (Epic)","192","(19)","1994"
26,"Madonna","Bedtime Stories (Maverick/Sire)","191","(19)","1994"
27,"Latin Playboys","Latin Playboys (Slash/Warner Bros.)","189","(22)","1994"
28,"Lisa Germano","Geek the Girl (4AD)","181","(19)","1994"
29,"The Magnetic Fields","The Charm of the Highway Strip (Merge)","177","(16)","1994"
30,"Luscious Jackson","Natural Ingredients (Grand Royal)","162","(19)","1994"
31,"Elvis Costello","Brutal Youth (Warner Bros.)","161","(15)","1994"
32,"Grant Lee Buffalo","Mighty Joe Moon (Slash/Reprise)","158","(11)","1994"
33,"Nas","Illmatic (Columbia)","149","(15)","1994"
34,"Digable Planets","Blowout Comb (Pendulum/EMI)","146","(17)","1994"
35,"The Mavericks","What a Crying Shame (MCA)","146","(16)","1994"
36,"K. McCarty","Dead Dog's Eyeball (Bar/None)","145","(12)","1994"
37,"Soul Coughing","Ruby Vroom (Slash/Warner Bros.)","129","(13)","1994"
38,"Ted Hawkins","The Next Hundred Years (DGC)","127","(13)","1994"
39,"Shara Nelson","What Silence Knows (Chrysalis)","126","(14)","1994"
40,"Ali Farka Toure with Ry Cooder","Talking Timbuktu (Hannibal)","124","(12)","1994"
1,"PJ Harvey","To Bring You My Love (Island)","1492","(120)","1995"
2,"Tricky","Maxinquaye (Island)","868","(71)","1995"
3,"Moby","Everything Is Wrong (Elektra)","481","(44)","1995"
4,"Elastica","Elastica (DGC)","450","(42)","1995"
5,"Neil Young","Mirror Ball (Reprise)","440","(40)","1995"
6,"Foo Fighters","Foo Fighters (Roswell/Capitol)","407","(43)","1995"
7,"Bjork","Post (4AD/Elektra)","371","(35)","1995"
8,"Bruce Springsteen","The Ghost of Tom Joad (Columbia)","358","(33)","1995"
9,"Yo La Tengo","Electr-O-Pura (Matador)","333","(32)","1995"
10,"Oasis","(What's the Story) Morning Glory? (Epic)","295","(28)","1995"
11,"Joan Osborne","Relish (Blue Gorilla/Mercury)","288","(28)","1995"
12,"Emmylou Harris","Wrecking Ball (Elektra)","273","(23)","1995"
13,"Son Volt","Trace (Warner Bros.)","269","(34)","1995"
14,"Smashing Pumpkins","Mellon Collie and the Infinite Sadness (Virgin)","267","(26)","1995"
15,"Raekwon","Only Built 4 Cuban Linx . . . (RCA)","260","(17)","1995"
16,"Rancid",". . . And Out Come the Wolves (Epitaph)","249","(24)","1995"
17,"Pavement","Wowee Zowee (Matador)","213","(18)","1995"
18,"Sonic Youth","Washing Machine (DGC)","204","(21)","1995"
19,"Garbage","Garbage (Almo Sounds)","202","(19)","1995"
20,"Matthew Sweet","100% Fun (Zoo)","201","(20)","1995"
21,"D'Angelo","Brown Sugar (EMI)","200","(20)","1995"
22,"PM Dawn","Jesus Wept (Gee Street)","194","(22)","1995"
23,"Goldie","Timeless (FFRR)","193","(20)","1995"
24,"The Chemical Brothers","Exit Planet Dust (Astralwerks)","181","(16)","1995"
25,"The 6ths","Wasps' Nests (London)","180","(18)","1995"
26,"The Geraldine Fibbers","Lost Somewhere Between the Earth and My Home (Virgin)","180","(17)","1995"
27,"Buju Banton","'Til Shiloh (Loose Cannon)","177","(16)","1995"
28,"TLC","CrazySexyCool (LaFace)","173","(19)","1995"
29,"James Carter","The Real Quietstorm (Atlantic)","170","(17)","1995"
30,"[File Under Prince]","The Gold Experience (Warner Bros.)","165","(19)","1995"
31,"Dionne Farris","Wild Seed--Wild Flower (Columbia)","163","(17)","1995"
32,"Alanis Morissette","Jagged Little Pill (Maverick/Reprise)","160","(16)","1995"
33,"Guided by Voices","Alien Lanes (Matador)","159","(13)","1995"
34,"Wilco","A.M. (Sire/Reprise)","157","(16)","1995"
35,"The Bottle Rockets","The Brooklyn Side (ESD/Tag Recordings/Atlantic)","152","(12)","1995"
36,"Ben Folds Five","Ben Folds Five (Passenger)","151","(13)","1995"
37,"The Jayhawks","Tomorrow the Green Grass (American)","149","(16)","1995"
38,"The Notorious B.I.G.","Ready To Die (Bad Boy)","148","(12)","1995"
39,"Ol' Dirty Bastard","Return to the 36 Chambers","144","(14)","1995"
40,"Dwight Yoakam","Gone (Reprise)","142","(15)","1995"
1,"Beck","Odelay (DGC)","1134","(110)","1996"
2,"Fugees","The Score (Ruffhouse/Columbia)","602","(58)","1996"
3,"Sleater-Kinney","Call the Doctor (Chainsaw)","456","(35)","1996"
4,"DJ Shadow","Endtroducing . . . DJ Shadow (Mo' Wax/FFRR)","404","(40)","1996"
5,"Los Lobos","Colossal Head (Warner Bros.)","403","(37)","1996"
6,"Steve Earle","I Feel Alright (Warner Bros.)","387","(37)","1996"
7,"Stereolab","Emperor Tomato Ketchup (Elektra)","379","(35)","1996"
8,"Amy Rigby","Diary of a Mod Housewife (Koch)","371","(34)","1996"
9,"Tricky","Pre-Millennium Tension (Island)","355","(38)","1996"
10,"Pulp","Different Class (Island)","351","(31)","1996"
11,"R.E.M.","New Adventures in Hi-Fi (Warner Bros.)","348","(38)","1996"
12,"Everything but the Girl","Walking Wounded (Atlantic)","340","(30)","1996"
13,"Patti Smith","Gone Again (Arista)","330","(31)","1996"
14,"Wilco","Being There (Reprise)","264","(26)","1996"
15,"Cassandra Wilson","New Moon Daughter (Blue Note)","225","(19)","1996"
16,"[File Under Prince]","Emancipation (NRG)","213","(21)","1996"
17,"Iris DeMent","The Way I Should (Warner Bros.)","211","(18)","1996"
18,"Me'Shell NdegéOcello","Peace Beyond Passion (Maverick/Reprise)","209","(21)","1996"
19,"Nearly God","Nearly God (Island)","183","(17)","1996"
20,"Maxwell","Maxwell's Urban Hang Suite (Columbia)","179","(17)","1996"
21,"Johnny Cash","Unchained (American)","178","(18)","1996"
22,"Ani DiFranco","Dilate (Righteous Babe)","167","(16)","1996"
23,"Gillian Welch","Revival (Almo Sounds)","156","(16)","1996"
24,"Imperial Teen","Seasick (Slash/London)","153","(13)","1996"
25,"Soundgarden","Down on the Upside (A&M)","148","(15)","1996"
26,"Sheryl Crow","Sheryl Crow (A&M)","146","(15)","1996"
27,"Cibo Matto","Viva! La Woman (Warner Bros.)","143","(16)","1996"
28,"Nirvana","From the Muddy Banks of the Wishkah (DGC)","124","(16)","1996"
29,"Rage Against the Machine","Evil Empire (Epic)","122","(13)","1996"
30,"Toni Tony Toné","House of Music (Mercury)","117","(12)","1996"
31,"Curtis Mayfield","New World Order (Warner Bros.)","113","(10)","1996"
32,"Joe Henry","Trampoline (Mammoth)","112","(12)","1996"
33,"The Roots","Illadelph Halflife (DGC)","112","(10)","1996"
34,"Sublime","Sublime (Gasoline Alley/MCA)","111","(11)","1996"
35,"Neutral Milk Hotel","On Avery Island (Merge)","111","(10)","1996"
36,"Sebadoh","Harmacy (Sub Pop)","110","(11)","1996"
37,"The Olivia Tremor Control","Dusk at Cubist Castle (Flydaddy)","108","(12)","1996"
38,"Screaming Trees","Dust (Epic)","107","(09)","1996"
39,"Jon Spencer Blues Explosion","Now I Got Worry (Matador)","105","(11)","1996"
40,"Richard Thompson","You? Me? Us? (Capitol)","103","(9)","1996"
1,"Bob Dylan","Time Out of Mind (Columbia)","1655","(135)","1997"
2,"Radiohead","OK Computer (Capitol)","1475","(122)","1997"
3,"Cornershop","When I Was Born for the 7th Time (Luaka Bop/Warner Bros.)","1251","(122)","1997"
4,"Sleater-Kinney","Dig Me Out (Kill Rock Stars)","1248","(108)","1997"
5,"Yo La Tengo","I Can Hear the Heart Beating as One (Matador)","964","(88)","1997"
6,"Missy Misdemeanor Elliott","Supa Dupa Fly (The Gold Mind, Inc./EastWest)","792","(76)","1997"
7,"Erykah Badu","Baduizm (Universal)","760","(76)","1997"
8,"Belle and Sebastian","If You're Feeling Sinister (The Enclave)","715","(68)","1997"
9,"Bjork","Homogenic (Elektra)","701","(72)","1997"
10,"Pavement","Brighten the Corners (Matador)","681","(61)","1997"
11,"Steve Earle","El Corazon (Warner Bros.)","628","(53)","1997"
12,"The Chemical Brothers","Dig Your Own Hole (Astralwerks)","547","(57)","1997"
13,"The Notorious B.I.G.","Life After Death (Bad Boy)","546","(46)","1997"
14,"Portishead","Portishead (Go! Beat/London)","541","(53)","1997"
15,"Roni Size/Reprazent","New Forms (Talkin' Loud/Mercury)","474","(52)","1997"
16,"Wyclef Jean","Wyclef Jean Presents the Carnival Featuring Refugee All-Stars (Ruffhouse/Columbia)","427","(42)","1997"
17,"Spiritualized","Ladies and Gentlemen We Are Floating in Space (Arista)","403","(34)","1997"
18,"The Verve","Urban Hymns (Virgin)","392","(41)","1997"
19,"Beth Orton","Trailer Park (Heavenly)","391","(34)","1997"
20,"Elliott Smith","Either/Or (Kill Rock Stars)","339","(32)","1997"
21,"Buena Vista Social Club","Buena Vista Social Club (World Circuit)","316","(30)","1997"
22,"The Geraldine Fibbers","Butch (Virgin)","303","(31)","1997"
23,"Whiskeytown","Strangers Almanac (Outpost)","297","(29)","1997"
24,"Janet Jackson","The Velvet Rope (Virgin)","290","(29)","1997"
25,"Richard Buckner","Devotion + Doubt (MCA)","278","(23)","1997"
26,"Wu-Tang Clan","Wu-Tang Forever (Loud)","269","(26)","1997"
27,"Ben Folds Five","Whatever and Ever Amen (550 Music)","268","(29)","1997"
28,"Stereolab","Dots and Loops (Elektra)","236","(27)","1997"
29,"Prodigy","The Fat of the Land (Maverick/Warner Bros.)","232","(20)","1997"
30,"Patti Smith","Peace and Noise (Arista)","232","(20)","1997"
31,"U2","Pop (Island)","216","(20)","1997"
32,"Built To Spill","Perfect From Now On (Warner Bros.)","213","(22)","1997"
33,"Ron Sexsmith","Other Songs (Interscope)","204","(18)","1997"
34,"John Fogerty","Blue Moon Swamp (Warner Bros.)","200","(19)","1997"
35,"Fiona Apple","Tidal (Work)","189","(20)","1997"
36,"Daft Punk","Homework (Virgin)","189","(20)","1997"
37,"Supergrass","In It for the Money (Capitol)","183","(16)","1997"
38,"Blur","Blur (Virgin)","182","(16)","1997"
39,"The Jayhawks","Sound of Lies (American)","178","(15)","1997"
40,"Primal Scream","Vanishing Point (Reprise)","166","(16)","1997"
1,"Lucinda Williams","Car Wheels on a Gravel Road (Mercury)","2129","(167)","1998"
2,"Lauryn Hill","The Miseducation of Lauryn Hill (Ruffhouse/Columbia)","1985","(176)","1998"
3,"Bob Dylan","Live 1966 (Columbia/Legacy)","1333","(111)","1998"
4,"Billy Bragg & Wilco","Mermaid Avenue (Elektra)","1243","(113)","1998"
5,"Elliott Smith","XO (DreamWorks)","940","(91)","1998"
6,"OutKast","Aquemini (LaFace)","890","(71)","1998"
7,"PJ Harvey","Is This Desire? (Island)","788","(76)","1998"
8,"Air","Moon Safari (Carolinie)","665","(66)","1998"
9,"Beastie Boys","Hello Nasty (Grand Royal)","645","(64)","1998"
10,"Rufus Wainwright","Rufus Wainwright (DreamWorks)","626","(61)","1998"
11,"Beck","Mutations (DGC)","624","(66)","1998"
12,"R.E.M.","Up (Warner Bros.)","580","(58)","1998"
13,"Belle and Sebastian","The Boy with the Arab Strap (Matador)","547","(56)","1998"
14,"Hole","Celebrity Skin (DGC)","531","(52)","1998"
15,"Neutral Milk Hotel","In the Aeroplane Over the Sea (Merge)","520","(44)","1998"
16,"Massive Attack","Mezzanine (Virgin)","508","(52)","1998"
17,"Liz Phair","Whitechocolatespaceegg (Matador/Capitol)","491","(49)","1998"
18,"Elvis Costello with Burt Bachrach","Painted from Memory (Mercury)","462","(44)","1998"
19,"Garbage","Version 2.0 (Almo Sounds)","439","(44)","1998"
20,"Mercury Rev","Deserter's Songs (V2)","418","(42)","1998"
21,"Madonna","Ray of Light (Maverick/Warner Bros.)","408","(43)","1998"
22,"Pulp","This Is Hardcore (Island)","391","(44)","1998"
23,"Cat Power","Moon Pix (Matador)","336","(31)","1998"
24,"Black Star","Mos Def and Talib Kweli Are Black Star (Rawkus)","329","(31)","1998"
25,"Quasi","Featuring Birds (Up)","319","(33)","1998"
26,"Jay-Z","Vol. 2 . . . Hard Knock Life (Roc-a-Fella/Def Jam)","306","(26)","1998"
27,"Vic Chesnutt","The Salesman and Bernadette (Capricorn)","299","(27)","1998"
28,"Bruce Springsteen","Tracks (Columbia)","263","(24)","1998"
29,"Gang Starr","Moment of Truth (Noo Trybe)","255","(26)","1998"
30,"Eels","Electro-Shock Blues (DreamWorks)","246","(23)","1998"
31,"Ozomatli","Ozomatli (Almo Sounds)","245","(26)","1998"
32,"Robert Wyatt","Shleep (Thirsty Ear)","232","(23)","1998"
33,"Gillian Welch","Hell Among the Yearlings (Almo Sounds)","229","(22)","1998"
34,"Monster Magnet","Powertrip (A&M)","224","(20)","1998"
35,"Sheryl Crow","The Globe Sessions (A&M)","224","(20)","1998"
36,"Rancid","Life Won't Wait (Epitaph)","201","(22)","1998"
37,"Cornelius","Fantasma (Matador)","199","(20)","1998"
38,"Pernice Brothers","Overcome by Happiness (Sub Pop)","196","(17)","1998"
39,"Olu Dara","In the World","191","(18)","1998"
40,"Marilyn Manson","Mechanical Animals (Nothing/Interscope)","190","(19)","1998"
1,"Moby","Play (V2)","1548","(134)","1999"
2,"The Magnetic Fields","69 Love Songs (Merge)","1320","(99)","1999"
3,"Beck","Midnite Vultures (DGC)","1242","(118)","1999"
4,"The Flaming Lips","The Soft Bulletin (Warner Bros.)","1208","(102)","1999"
5,"Tom Waits","Mule Variations (Epitaph)","1039","(96)","1999"
6,"Rage Against the Machine","The Battle of Los Angeles (Epic)","843","(77)","1999"
7,"Fiona Apple","When the Pawn . . . (Clean Slate/Epic)","834","(77)","1999"
8,"Wilco","Summer Teeth (Reprise)","812","(74)","1999"
9,"Beth Orton","Central Reservation (Arista)","789","(70)","1999"
10,"Mos Def","Black on Both Sides (Rawkus)","700","(62)","1999"
11,"Randy Newman","Bad Love (DreamWorks)","679","(58)","1999"
12,"The Roots","Things Fall Apart (MCA)","614","(56)","1999"
13,"Macy Gray","On How Life Is (Epic)","582","(57)","1999"
14,"Nine Inch Nails","The Fragile (Nothing)","569","(55)","1999"
15,"Handsome Boy Modeling School","So . . . How's Your Girl? (Tommy Boy)","543","(57)","1999"
16,"Prince Paul","A Prince Among Thieves (Tommy Boy)","491","(47)","1999"
17,"Basement Jaxx","Remedy (Asralwerks)","480","(49)","1999"
18,"Steve Earle and the Del McCoury Band","The Mountain (E Squared)","465","(43)","1999"
19,"Fountains of Wayne","Utopia Parkway (Atlantic)","456","(42)","1999"
20,"Meshell Ndegéocello","Bitter (Maverick)","455","(39)","1999"
21,"Mary J. Blige","Mary (MCA)","443","(48)","1999"
22,"Built to Spill","Keep It Like a Secret (Warner Bros.)","443","(43)","1999"
23,"Sleater-Kinney","The Hot Rock (Kill Rock Stars)","437","(42)","1999"
24,"Ol' Dirty Bastard","N***a Please (Elektra)","349","(39)","1999"
25,"Ibrahim Ferrer","Buena Vista Social Club Presents Ibrahim Ferrer (Nonesuch/World Circuit)","349","(36)","1999"
26,"Eminem","The Slim Shady LP (Aftermath/Interscope)","333","(39)","1999"
27,"Kelly Willis","What I Deserve (Rykodisc)","335","(32)","1999"
28,"Richard Thompson","Mock Tudor (Capitol)","304","(30)","1999"
29,"Pavement","Terror Twilight (Matador)","294","(29)","1999"
30,"Chemical Brothers","Surrender (Astralwerks)","244","(23)","1999"
31,"TLC","Fanmail (LaFace)","239","(26)","1999"
32,"Everything but the Girl","Temperamental (Atlantic)","228","(26)","1999"
33,"XTC","Apple Venus Volume 1 (TVT)","226","(23)","1999"
34,"Old 97's","Fight Songs (Elektra)","221","(23)","1999"
35,"Underworld","Beaucoup Fish (V2)","220","(20)","1999"
36,"John Prine","In Spite of Ourselves (Oh Boy)","216","(20)","1999"
37,"Robbie Williams","The Ego Has Landed (Capitol)","214","(23)","1999"
38,"Dr. Dre","Dr. Dre--2001 (Aftermath/Interscope)","214","(22)","1999"
39,"Kid Rock","Devil Without a Cause (Atlantic)","200","(19)","1999"
40,"Santana","Supernatural (Arista)","199","(18)","1999"
1,"OutKast","Stankonia (LaFace/Arista)","2660","(220)","2000"
2,"PJ Harvey","Stories From the City, Stories From the Sea (Island/Def Jam)","1764","(155)","2000"
3,"Radiohead","Kid A (Capitol)","1730","(155)","2000"
4,"Eminem","The Marshall Mathers LP (Aftermath/Interscope)","1513","(127)","2000"
5,"Shelby Lynne","I Am Shelby Lynne (Island)","1123","(102)","2000"
6,"D'Angelo","Voodoo (Virgin)","1105","(100)","2000"
7,"U2","All That You Can't Leave Behind (Interscope)","941","(84)","2000"
8,"Yo La Tengo","And Then Nothing Turned Itself Inside Out (Matador)","759","(70)","2000"
9,"Jill Scott","Who Is Jill Scott? Words and Sounds Vol. 1 (Hidden Beach)","648","(66)","2000"
10,"Sleater-Kinney","All Hands on the Bad One (Kill Rock Stars)","605","(58)","2000"
11,"Aimee Mann","Bachelor No. 2 (SuperEgo)","513","(42)","2000"
12,"Travis","The Man Who (Epic)","497","(47)","2000"
13,"Steve Earle","Transcendental Blues (E-Squared/Artemis)","491","(49)","2000"
14,"Ghostface Killah","Supreme Clientele (Epic/Razor Sharp)","486","(41)","2000"
15,"Erykah Badu","Mama's Gun (Motown)","467","(46)","2000"
16,"Madonna","Music (Maverick/Warner Bros.)","425","(45)","2000"
17,"The Go-Betweens","The Friends of Rachel Worth (Jetset)","409","(37)","2000"
18,"Badly Drawn Boy","The Hour of Bewilderbeast (XL)","393","(42)","2000"
19,"Steely Dan","Two Against Nature (Giant)","384","(38)","2000"
20,"Jurassic 5","Quality Control (Interscope)","383","(36)","2000"
21,"Marah","Kids in Philly (Artemis)","382","(31)","2000"
22,"Common","Like Water for Chocolate (MCA)","380","(43)","2000"
23,"At the Drive-In","Relationship of Command (Grand Royal)","378","(44)","2000"
24,"Queens of the Stone Age","R (Interscope)","377","(42)","2000"
25,"Sade","Lovers Rock (Epic)","360","(39)","2000"
26,"Ryan Adams","Heartbreaker (Bloodshot)","344","(34)","2000"
27,"Grandaddy","The Sophtware Slump (V2)","339","(35)","2000"
28,"Le Tigre","Le Tigre (Mr.Lady)","329","(29)","2000"
29,"Dr. Dre","Dr. Dre--2001 (Aftermath/Interscope)","326","(34)","2000"
30,"Coldplay","Parachutes (Nettwerk America)","321","(32)","2000"
31,"Merle Haggard","If I Could Only Fly (Anti-)","313","(30)","2000"
32,"Billy Bragg & Wilco","Mermaid Avenue Vol. 2 (Elektra)","307","(33)","2000"
33,"Sigur Ros","Agaetis Bryjun (Fatcat/Bubblecore)","301","(29)","2000"
34,"Elliott Smith","Figure 8 (DreamWorks)","298","(27)","2000"
35,"Dead Prez","Lets Get Free (Loud)","280","(29)","2000"
36,"Neko Case & Her Boyfriends","Furnace Room Lullaby (Bloodshot)","268","(25)","2000"
37,"Magnolia (Reprise)","Magnolia (Reprise)","254","(30)","2000"
38,"Primal Scream","XTRMNTR (Astralwerks)","252","(25)","2000"
39,"The Jayhawks","Smile (Columbia)","251","(24)","2000"
40,"Talib Kweli & Hi Tek","Reflection Eternal (Rawkus)","236","(27)","2000"
1,"Bob Dylan","Love and Theft (Columbia)","3010","(235)","2001"
2,"The Strokes","Is This It (RCA)","1613","(157)","2001"
3,"Bjork","Vespertine (Elektra)","1281","(120)","2001"
4,"The White Stripes","White Blood Cells (Sympathy for the Record Industry)","1214","(106)","2001"
5,"Radiohead","Amnesiac (Capitol)","1063","(98)","2001"
6,"Ryan Adams","Gold (Lost Highway)","808","(80)","2001"
7,"Jay-Z","The Blueprint (Roc-A-Fella)","787","(64)","2001"
8,"The Coup","Party Music (75 Ark)","740","(65)","2001"
9,"Lucinda Williams","Essence (Lost Highway)","725","(66)","2001"
10,"Rufus Wainwright","Poses (DreamWorks)","630","(64)","2001"
11,"The Avalanches","Since I Left You (Sire/Modular)","551","(51)","2001"
12,"Manu Chao","Proxima Estacion","527","(43)","2001"
13,"Basement Jaxx","Rooty (Astralwerks/XL)","497","(49)","2001"
14,"Gillian Welch","Time (The Revelator) (Acony)","494","(44)","2001"
15,"Cannibal Ox","The Cold Vein (Def Jux)","470","(42)","2001"
16,"Sigur Rós","Agaetis Byrjun (Pias)","467","(46)","2001"
17,"New Pornographers","Mass Romantic (Mint)","453","(38)","2001"
18,"Alicia Keys","Songs in A Minor (J)","437","(45)","2001"
19,"O Brother, Where Art Thou? (Mercury)","O Brother, Where Art Thou? (Mercury)","410","(42)","2001"
20,"Gorillaz","Gorillaz (Virgin)","403","(45)","2001"
21,"Weezer","Weezer (Geffen)","398","(44)","2001"
22,"New Order","Get Ready (Reprise)","394","(42)","2001"
23,"Pernice Brothers","The World Won't End (Ashmont)","368","(34)","2001"
24,"Missy Misdemeanor Elliott","Miss E . . . So Addictive (The Gold Mind, Inc./Elektra)","367","(37)","2001"
25,"Daft Punk","Discovery (Virgin)","361","(33)","2001"
26,"Macy Gray","The Id (Epic)","355","(37)","2001"
27,"System of a Down","Toxicity (American)","353","(31)","2001"
28,"Stephen Malkmus","Stephen Malkmus (Matador)","347","(35)","2001"
29,"The Langley Schools Music Project","Innocence and Despair (Bar/None)","324","(29)","2001"
30,"Guided by Voices","Isolation Drills (TVT)","306","(27)","2001"
31,"The Moldy Peaches","The Moldy Peaches (Rough Trade/Sanctuary)","305","(29)","2001"
32,"Old 97's","Satellite Rides (Elektra)","302","(33)","2001"
33,"Fugazi","The Argument (Dischord)","297","(28)","2001"
34,"Spiritualized","Let It Come Down (Arista)","291","(31)","2001"
35,"The Shins","Oh, Inverted World (Sub Pop)","290","(32)","2001"
36,"Black Rebel Motorcycle Club","B.R.M.C. (Virgin)","280","(30)","2001"
37,"Alejandro Escovedo","A Man Under the Influence (Bloodshot)","276","(27)","2001"
38,"Low","Things We Lost In The Fire (Kranky)","273","(26)","2001"
39,"Rodney Crowell","The Houston Kid (Sugar Hill)","261","(23)","2001"
40,"Mary J. Blige","No More Drama (Sugar Hill)","257","(27)","2001"
1,"Wilco","Yankee Hotel Foxtrot (Nonesuch)","2328","(201)","2002"
2,"Beck","Sea Change (DGC)","1506","(139)","2002"
3,"The Flaming Lips","Yoshimi Battles the Pink Robots (Warner Bros.)","1227","(111)","2002"
4,"The Streets","Original Pirate Material (Locked On/Vice)","1189","(101)","2002"
5,"Sleater-Kinney","One Beat (Kill Rock Stars)","1126","(100)","2002"
6,"Bruce Springsteen","The Rising (Columbia)","1108","(96)","2002"
7,"The Roots","Phrenology (MCA)","1092","(109)","2002"
8,"Eminem","The Eminem Show (Aftermath/Interscope)","1012","(93)","2002"
9,"Coldplay","A Rush of Blood to the Head (Capitol)","964","(88)","2002"
10,"Missy Elliott","Under Construction (Elektra)","942","(90)","2002"
11,"Queens of the Stone Age","Songs for the Deaf (Interscope)","874","(89)","2002"
12,"Solomon Burke","Don't Give Up on Me (Fat Possum/Anti-)","813","(77)","2002"
13,"Elvis Costello","When I Was Cruel (Island)","797","(77)","2002"
14,"Spoon","Kill the Moonlight (Merge)","795","(79)","2002"
15,"Interpol","Turn on the Bright Lights (Matador)","772","(75)","2002"
16,"Norah Jones","Come Away With Me (Blue Note)","712","(71)","2002"
17,"Bright Eyes","Lifted, or The Story Is in the Soil, Keep Your Ear to the Ground (Saddle Creek)","655","(58)","2002"
18,"DJ Shadow","The Private Press (MCA)","625","(55)","2002"
19,"N.E.R.D.","In Search of ... (Virgin)","516","(57)","2002"
20,"Sonic Youth","Murray Street (DGC)","487","(48)","2002"
21,"The Hives","Veni Vidi Vicious (Sire/Burning Heart/Epitaph)","481","(51)","2002"
22,"Drive-By Truckers","Southern Rock Opera (Lost Highway)","457","(32)","2002"
23,"Neko Case","Blacklisted (Bloodshot)","455","(45)","2002"
24,"The Best Bootlegs in the World Ever (No Label import)","The Best Bootlegs in the World Ever (No Label import)","432","(37)","2002"
25,"Sigur Ros","( ) (MCA)","428","(44)","2002"
26,"2 Many DJ's","As Heard on Radio Soulwax Pt. 2 (Pias import)","414","(34)","2002"
27,"Steve Earle","Jerusalem (E Squared/Artemis)","396","(40)","2002"
28,"Andrew W.K.","I Get Wet (Island)","374","(38)","2002"
29,"Super Furry Animals","Rings Around the World (XL)","374","(33)","2002"
30,"Orchestra Baobab","Specialist in All Styles (Nonesuch)","370","(32)","2002"
31,"Scarface","The Fix (Def Jam South)","370","(29)","2002"
32,"The Doves","The Last Broadcast (Capitol)","358","(33)","2002"
33,"Blackalicious","Blazing Arrow (MCA)","352","(38)","2002"
34,"Common","Electric Circus (MCA)","333","(32)","2002"
35,"Linda Thompson","Fashionably Late (Rounder)","333","(29)","2002"
36,"Clinic","Walking With Thee (Domino)","329","(33)","2002"
37,"Mekons","OOOH! (Quarterstick)","321","(31)","2002"
38,"Soundtrack of Our Lives","Behind the Music (Republic/Universal)","307","(34)","2002"
39,"Cee-Lo","Cee-Lo Green and His Perfect Imperfections (Arista)","268","(27)","2002"
40,"Yeah Yeah Yeahs","Yeah Yeah Yeahs (Touch and Go)","264","(28)","2002"
1,"OutKast","Speakerboxxx/The Love Below (Arista)","3554","(305)","2003"
2,"The White Stripes","Elephant (V2)","2411","(212)","2003"
3,"Fountains of Wayne","Welcome Interstate Managers (S-Curve)","1314","(117)","2003"
4,"Radiohead","Hail to the Thief (Capitol)","1244","(115)","2003"
5,"Yeah Yeah Yeahs","Fever to Tell (Interscope)","1018","(96)","2003"
6,"The Shins","Chutes Too Narrow (Sub Pop)","917","(91)","2003"
7,"New Pornographers","Electric Version (Matador)","881","(87)","2003"
8,"Basement Jaxx","Kish Kash (Astralwerks)","785","(72)","2003"
9,"Drive-By Truckers","Decoration Day (New West)","735","(67)","2003"
10,"Dizzee Rascal","Boy in Da Corner (XL)","665","(61)","2003"
11,"Strokes","Room on Fire (RCA)","646","(70)","2003"
12,"Rufus Wainwright","Want One (DreamWorks)","637","(60)","2003"
13,"Jay-Z","The Black Album (Roc-A-Fella)","618","(62)","2003"
14,"Cat Power","You Are Free (Matador)","606","(59)","2003"
15,"50 Cent","Get Rich or Die Tryin' (G-Unit/Shady/Aftermath/Interscope)","560","(57)","2003"
16,"Lucinda Williams","World Without Tears (Lost Highway)","541","(61)","2003"
17,"Postal Service","Give Up (Sub Pop)","523","(51)","2003"
18,"Belle and Sebastian","Dear Catastrophe Waitress (Rough Trade)","449","(48)","2003"
19,"My Morning Jacket","It Still Moves (ATO/RCA)","447","(44)","2003"
20,"Ted Leo & the Pharmacists","Hearts of Oak (Lookout)","446","(40)","2003"
21,"Warren Zevon","The Wind (Artemis)","424","(44)","2003"
22,"Pernice Brothers","Yours, Mine & Ours (Ashmont)","418","(41)","2003"
23,"Libertines","Up the Bracket (Rough Trade)","401","(37)","2003"
24,"Missy Elliott","This Is Not a Test! (Elektra)","380","(41)","2003"
25,"Rapture","Echoes (Strummer/Universal)","378","(45)","2003"
26,"Kings of Leon","Youth & Young Manhood (RCA)","374","(38)","2003"
27,"Junior Senior","D-D-Don't Stop the Beat (Chunky Frog/Atlantic)","359","(37)","2003"
28,"Fiery Furnaces","Gallowsbird's Bark (Rough Trade)","353","(34)","2003"
29,"Four Tet","Rounds (Domino)","349","(35)","2003"
30,"Grandaddy","Sumday (V2)","348","(32)","2003"
31,"Darkness","Permission to Land (Atlantic)","342","(33)","2003"
32,"Johnny Cash","Unearthed (American)","342","(28)","2003"
33,"Notwist","Neon Golden (City Slang/Virgin)","340","(32)","2003"
34,"Death Cab for Cutie","Transatlanticism (Barsuk)","331","(31)","2003"
35,"Bubba Sparxxx","Deliverance (Beatclub/Interscope)","318","(33)","2003"
36,"Mars Volta","De-Loused in the Comatorium (Universal)","312","(31)","2003"
37,"Led Zeppelin","How the West Was Won (Atlantic)","311","(28)","2003"
38,"Liz Phair","Liz Phair (Capitol)","295","(28)","2003"
39,"Johnny Cash","American IV","293","(29)","2003"
40,"Broken Social Scene","You Forgot It in People (Arts & Crafts)","289","(24)","2003"
1,"Kanye West","The College Dropout (Roc-A-Fella)","2826","(245)","2004"
2,"Brian Wilson","SMiLE (Nonesuch)","2034","(164)","2004"
3,"Loretta Lynn","Van Lear Rose (Interscope)","1785","(165)","2004"
4,"Franz Ferdinand","Franz Ferdinand (Domino/Epic)","1569","(147)","2004"
5,"Green Day","American Idiot (Reprise)","1251","(107)","2004"
6,"Arcade Fire","Funeral (Merge)","1169","(105)","2004"
7,"Streets","A Grand Don't Come For Free (Vice/Atlantic)","1161","(110)","2004"
8,"U2","How to Dismantle an Atomic Bomb (Interscope)","996","(93)","2004"
9,"Modest Mouse","Good News for People Who Love Bad News (Epic)","940","(91)","2004"
10,"Danger Mouse","The Grey Album (www.djdangermouse.com)","904","(82)","2004"
11,"Madvillain","Madvillainy (Stones Throw)","875","(86)","2004"
12,"TV on the Radio","Desperate Youth, Blood Thirsty Babes (Touch and Go)","870","(80)","2004"
13,"Wilco","A Ghost Is Born (Nonesuch)","778","(78)","2004"
14,"Rilo Kiley","More Adventurous (Brute/Beaute)","709","(66)","2004"
15,"Nellie McKay","Get Away From Me (Columbia)","709","(65)","2004"
16,"Drive-by Truckers","The Dirty South (New West)","627","(57)","2004"
17,"Fiery Furnaces","Blueberry Boat (Rough Trade)","617","(53)","2004"
18,"Björk","Medulla (Elektra)","578","(57)","2004"
19,"Interpol","Antics (Matador)","559","(54)","2004"
20,"Joanna Newsom","The Milk-Eyed Mender (Drag City)","550","(50)","2004"
21,"Animal Collective","Sung Tongs (Fat Cat)","545","(51)","2004"
22,"Elliott Smith","From a Basement on the Hill (Anti-)","531","(57)","2004"
23,"M.I.A./Diplo","Piracy Funds Terrorism Volume 1 (no label)","519","(50)","2004"
24,"Dizzee Rascal","Showtime (XL)","489","(50)","2004"
25,"Nick Cave and the Bad Seeds","Abattoir Blues/The Lyre of Orpheus (Anti-)","474","(43)","2004"
26,"Scissor Sisters","Scissor Sisters (Universal)","465","(44)","2004"
27,"Killers","Hot Fuss (Island)","463","(46)","2004"
28,"Devendra Banhart","Rejoicing in the Hands (Young God)","454","(42)","2004"
29,"Tom Waits","Real Gone (Anti-)","442","(44)","2004"
30,"The Libertines","The Libertines (Rough Trade)","436","(42)","2004"
31,"Hold Steady","Almost Killed Me (Frenchkiss)","431","(36)","2004"
32,"Ghostface","The Pretty Toney Album (Def Jam)","429","(46)","2004"
33,"PJ Harvey","Uh Huh Her (Island)","408","(43)","2004"
34,"Youssou N'Dour","Egypt (Nonesuch)","388","(37)","2004"
35,"Usher","Confessions (Arista)","359","(32)","2004"
36,"Morrissey","You Are the Quarry (Attack)","356","(35)","2004"
37,"Sonic Youth","Sonic Nurse (DGC)","349","(40)","2004"
38,"Black Keys","Rubber Factory (Fat Possum)","336","(30)","2004"
39,"Big & Rich","Horse of a Different Color (Warner Bros.)","334","(31)","2004"
40,"A.C. Newman","The Slow Wonder (Matador)","329","(35)","2004"
1,"Kanye West","Late Registration (Roc-A-Fella)","2525","(227)","2005"
2,"M.I.A.","Arular (XL)","2418","(218)","2005"
3,"Sufjan Stevens","Illinois (Asthmatic Kitty)","1747","(159)","2005"
4,"Sleater-Kinney","The Woods (Sub Pop)","1212","(116)","2005"
5,"Fiona Apple","Extraordinary Machine (Epic/Clean Slate)","1117","(106)","2005"
6,"The White Stripes","Get Behind Me Satan (V2)","1013","(100)","2005"
7,"Antony and the Johnsons","I Am a Bird Now (Secretly Canadian)","1006","(94)","2005"
8,"The Hold Steady","Separation Sunday (Frenchkiss)","980","(80)","2005"
9,"The New Pornographers","Twin Cinema (Matador)","954","(91)","2005"
10,"My Morning Jacket","Z (ATO/RCA)","942","(90)","2005"
11,"LCD Soundsystem","LCD Soundsystem (DFA/Capitol)","795","(79)","2005"
12,"Thelonious Monk Quartet With John Coltrane","Thelonious Monk Quartet With John Coltrane at Carnegie Hall (Blue Note)","791","(69)","2005"
13,"Amadou & Mariam","Dimanche à Bamako (Nonesuch)","738","(71)","2005"
14,"Spoon Gimme","Fiction (Merge)","668","(63)","2005"
15,"Common","Be (Geffen)","667","(58)","2005"
16,"Bright Eyes","I'm Wide Awake, It's Morning (Saddle Creek)","662","(61)","2005"
17,"Beck","Guero (Interscope)","602","(63)","2005"
18,"Bloc Party","Silent Alarm (Vice)","593","(61)","2005"
19,"The Go! Team","Thunder, Lightning, Strike (Memphis Industries/Columbia)","577","(54)","2005"
20,"Bettye LaVette","I've Got My Own Hell to Raise (Anti-)","573","(57)","2005"
21,"Gorillaz","Demon Days (Virgin)","546","(53)","2005"
22,"Animal Collective","Feels (Fat Cat)","543","(52)","2005"
23,"Art Brut","Bang Bang Rock & Roll (Banana Recordings/Fierce Panda)","518","(47)","2005"
24,"Konono No. 1","Congotronics (Crammed Discs)","514","(54)","2005"
25,"Kate Bush","Aerial (Columbia)","487","(44)","2005"
26,"Franz Ferdinand","You Could Have It So Much Better (Domino)","456","(52)","2005"
27,"John Legend","Get Lifted (Columbia)","447","(46)","2005"
28,"Wolf Parade","Apologies to the Queen Mary (Sub Pop)","442","(46)","2005"
29,"The Mountain Goats","The Sunset Tree (4AD)","428","(41)","2005"
30,"System of a Down","Mezmerize (American/Columbia)","409","(37)","2005"
31,"Dungen","Ta Det Lungt (Subliminal Sounds)","387","(38)","2005"
32,"Coldplay","X&Y (Capitol)","376","(32)","2005"
33,"The Decemberists","Picaresque (Kill Rock Stars)","372","(36)","2005"
34,"Danger Doom","The Mouse and the Mask (Epitaph)","358","(40)","2005"
35,"Clap Your Hands Say Yeah","Clap Your Hands Say Yeah (clapyourhandssayyeah.com)","347","(36)","2005"
36,"Deerhoof","The Runners Four (Kill Rock Stars)","329","(30)","2005"
37,"Stars","Set Yourself on Fire (Arts and Crafts)","327","(31)","2005"
38,"The National","Alligator (Beggars Banquet)","321","(25)","2005"
39,"Young Jeezy","Let's Get It","308","(32)","2005"
40,"Bruce Springsteen","Devils and Dust (Columbia)","302","(32)","2005"
1,"Bob Dylan","Modern Times (Columbia)","1123","(95)","2006"
2,"TV on the Radio","Return To Cookie Mountain (4AD/Interscope)","1109","(99)","2006"
3,"Ghostface Killah","Fishscale (Def Jam)","1031","(96)","2006"
4,"The Hold Steady","Boys and Girls in America (Vagrant)","983","(81)","2006"
5,"Gnarls Barkley","St Elsewhere (Downtown/Atlantic)","791","(71)","2006"
6,"Arctic Monkeys","Whatever People Say I Am, That's What I'm Not (Domino)","718","(63)","2006"
7,"Clipse","Hell Hath No Fury (Re-Up Gang/Jive/Zomba)","673","(63)","2006"
8,"Neko Case","Fox Confessor Brings the Flood (Anti-)","645","(64)","2006"
9,"Joanna Newsom","Ys (Drag City)","626","(59)","2006"
10,"Tom Waits","Orphans","608","(51)","2006"
11,"Cat Power","The Greatest (Matador)","566","(57)","2006"
12,"Sonic Youth","Rather Ripped (Geffen)","500","(49)","2006"
13,"The Decemberists","The Crane Wife (Capitol)","440","(42)","2006"
14,"Belle and Sebastian","The Life Pursuit (Matador)","423","(38)","2006"
15,"Jenny Lewis with the Watson Twins","Rabbit Fur Coat (Team Love)","366","(37)","2006"
16,"Knife","Silent Shout (Mute)","355","(31)","2006"
17,"My Chemical Romance","The Black Parade (Reprise)","354","(33)","2006"
18,"Yo La Tengo","I Am Not Afraid Of You And I Will Beat Your Ass (Matador)","342","(35)","2006"
19,"Bruce Springsteen","We Shall Overcome","317","(31)","2006"
20,"Dixie Chicks","Taking the Long Way (Sony)","314","(29)","2006"
21,"Ornette Coleman","Sound Grammar (Sound Grammar)","314","(27)","2006"
22,"Hot Chip","The Warning (DFA/Astralwerks)","307","(28)","2006"
23,"Band of Horses","Everything All the Time (Sub Pop)","297","(29)","2006"
24,"Yeah Yeah Yeahs","Show Your Bones (Interscope)","296","(25)","2006"
25,"The Roots","Game Theory (Def Jam)","283","(33)","2006"
26,"The Raconteurs","Broken Boy Soldiers (V2)","281","(29)","2006"
27,"Rosanne Cash","Black Cadillac (Capitol)","277","(27)","2006"
28,"Justin Timberlake","FutureSex / Lovesounds (Jive)","274","(28)","2006"
29,"T.I.","King (Atlantic)","267","(24)","2006"
30,"J Dilla","Donuts (Stones Throw)","249","(24)","2006"
31,"Scott Walker","The Drift (4AD)","245","(18)","2006"
32,"Elvis Costello & Allen Toussaint","The River In Reverse (Verve Forecast)","240","(23)","2006"
33,"Beck","The Information (Interscope)","235","(23)","2006"
34,"Lupe Fiasco","Food & Liquor (Atlantic)","231","(26)","2006"
35,"Destroyer","Destroyer's Rubies (Merge)","231","(22)","2006"
36,"Regina Spektor","Begin to Hope (Sire)","225","(24)","2006"
37,"Lily Allen","Alright, Still (Parlophone/EMI)","225","(23)","2006"
38,"The Coup","Pick A Bigger Weapon (Epitaph)","222","(24)","2006"
39,"Girl Talk","Night Ripper (Illegal Art)","212","(22)","2006"
40,"Thom Yorke","The Eraser (XL)","210","(24)","2006"
1,"LCD Soundsystem","Sound of Silver (DFA/EMI)","1662","(141)","2007"
2,"Radiohead","In Rainbows (Self Released)","1611","(148)","2007"
3,"M.I.A.","Kala (XL/Interscope)","1611","(144)","2007"
4,"Amy Winehouse","Back To Black (Universal)","1492","(131)","2007"
5,"Arcade Fire","Neon Bible (Merge)","1212","(111)","2007"
6,"Kanye West","Graduation (Roc-A-Fella/Def Jam)","913","(91)","2007"
7,"Spoon","Ga Ga Ga Ga Ga (Merge)","785","(77)","2007"
8,"Robert Plant and Alison Krauss","Raising Sand (Rounder)","759","(78)","2007"
9,"Bruce Springsteen","Magic (Columbia)","747","(64)","2007"
10,"The National","Boxer (Beggars Banquet)","743","(68)","2007"
11,"Feist","The Reminder (Cherrytree/Interscope)","709","(69)","2007"
12,"Wilco","Sky Blue Sky (Nonesuch)","649","(62)","2007"
13,"Panda Bear","Person Pitch (Paw Tracks)","588","(55)","2007"
14,"The White Stripes","Icky Thump (Warner Bros.)","579","(58)","2007"
15,"Miranda Lambert","Crazy Ex-Girlfriend (Columbia)","560","(49)","2007"
16,"Lily Allen","Alright, Still (Parlophone/EMI)","509","(53)","2007"
17,"Battles","Mirrored (Warp)","450","(45)","2007"
18,"Jay-Z","American Gangster (Roc-A-Fella/Def Jam)","406","(41)","2007"
19,"The Shins","Wincing the Night Away (Sub Pop)","370","(38)","2007"
20,"Sharon Jones & the Dap-Kings","100 Days, 100 Nights (Daptone)","368","(36)","2007"
21,"Against Me!","New Wave (Sire)","366","(33)","2007"
22,"Of Montreal","Hissing Fauna, Are You the Destroyer? (Polyvinyl)","356","(32)","2007"
23,"Jens Lekman","Night Falls Over Kortedala (Service/Secretly Canadian)","339","(30)","2007"
24,"Band of Horses","Cease to Begin (Sub Pop)","327","(32)","2007"
25,"Deerhunter","Cryptograms (Kranky)","312","(31)","2007"
26,"PJ Harvey","White Chalk (Island)","309","(33)","2007"
27,"Grinderman","Grinderman (Anti-)","306","(28)","2007"
27,"Burial","Untrue (Hyperdub)","306","(28)","2007"
29,"Animal Collective","Strawberry Jam (Domino)","299","(27)","2007"
30,"Bettye LaVette","Scene of the Crime (Anti-)","272","(26)","2007"
31,"Okkervil River","The Stage Names (Jagjaguwar)","268","(27)","2007"
32,"Rilo Kiley","Under The Blacklight (Warner Bros.)","265","(31)","2007"
33,"Mavis Staples","We'll Never Turn Back (Anti-)","263","(26)","2007"
34,"Tinariwen","Aman Iman","262","(28)","2007"
35,"Lil Wayne","Da Drought 3 (Young Money Entertainment)","262","(24)","2007"
36,"Justice","Cross (Ed Banger/Downtown/Vice)","257","(28)","2007"
37,"The Field","From Here We Go Sublime (Kompakt)","254","(24)","2007"
38,"Iron & Wine","The Shepherd's Dog (Sub Pop)","244","(27)","2007"
39,"UGK","Underground Kingz (Jive)","243","(19)","2007"
40,"El-P","I'll Sleep When You're Dead (Def Jux)","235","(21)","2007"
